{
  "steps": 10,
  "total_particles": 32000,
  "total_wall_s": 14.237950008,
  "total_comm_s": 0.20523644000000002,
  "total_gravity_s": 13.987016394000001,
  "total_integration_s": 0.042398039000000054,
  "mean_step_wall_s": 1.4234650873,
  "mean_comm_s": 0.020523644,
  "mean_gravity_s": 1.3987016394,
  "comm_fraction": 0.014418087372222691,
  "gravity_fraction": 0.9826034033985541,
  "hpc": {
    "mean_tree_build_s": 0.007539030300000001,
    "mean_let_export_s": 0.0017537785,
    "mean_let_pack_s": 0.00031856030000000006,
    "mean_aabb_allgather_s": 0.0036466142,
    "mean_let_alltoallv_s": 0.5939981979000001,
    "mean_walk_local_s": 0.5791159706,
    "mean_apply_let_s": 0.8099846719,
    "mean_let_nodes_exported": 32234.6,
    "mean_let_nodes_imported": 31765.4,
    "mean_bytes_sent": 4641782.4,
    "mean_bytes_recv": 4574217.6,
    "wait_fraction": 0.010454929617015272,
    "mean_let_tree_build_s": 0.0029028635,
    "mean_let_tree_walk_s": 0.8070714362,
    "mean_let_tree_nodes": 13507.9,
    "let_tree_parallel": false,
    "mean_max_let_nodes_per_rank": 32234.6,
    "mean_local_tree_nodes": 126218.8,
    "mean_export_prune_ratio": 0.2553866777373894,
    "mean_domain_rebalance_s": 0.0003687415,
    "mean_domain_migration_s": 0.0016260610000000003,
    "mean_local_particle_count": 16117.3,
    "particle_imbalance_ratio": 1.0280329123612706,
    "sfc_kind": "hilbert"
  }
}