{
  "steps": 10,
  "total_particles": 8000,
  "total_wall_s": 0.943354784,
  "total_comm_s": 0.09518987300000001,
  "total_gravity_s": 0.782083046,
  "total_integration_s": 0.06556861999999997,
  "mean_step_wall_s": 0.0942841539,
  "mean_comm_s": 0.0095189873,
  "mean_gravity_s": 0.0782083046,
  "comm_fraction": 0.10096062706460794,
  "gravity_fraction": 0.8294957462624056,
  "hpc": {
    "mean_tree_build_s": 0.0007881232999999999,
    "mean_let_export_s": 0.00037661300000000003,
    "mean_let_pack_s": 0.00016519820000000001,
    "mean_aabb_allgather_s": 0.006021160100000001,
    "mean_let_alltoallv_s": 0.028593875500000004,
    "mean_walk_local_s": 0.025223771500000002,
    "mean_apply_let_s": 0.0516588393,
    "mean_let_nodes_exported": 11166.0,
    "mean_let_nodes_imported": 10966.3,
    "mean_bytes_sent": 1607904.0,
    "mean_bytes_recv": 1579147.2,
    "wait_fraction": 0.035744118821646444,
    "mean_let_tree_build_s": 0.0011490484,
    "mean_let_tree_walk_s": 0.050505550200000006,
    "mean_let_tree_nodes": 2585.9,
    "let_tree_parallel": true,
    "mean_max_let_nodes_per_rank": 4070.3,
    "mean_local_tree_nodes": 18198.8,
    "mean_export_prune_ratio": 0.2045189792733587,
    "mean_domain_rebalance_s": 0.0000426903,
    "mean_domain_migration_s": 0.0000850329,
    "mean_local_particle_count": 2143.5,
    "particle_imbalance_ratio": 5.589460784313726,
    "sfc_kind": "morton",
    "mean_apply_leaf_s": 0.0,
    "mean_apply_leaf_rmn_count": 3715991.1,
    "mean_apply_leaf_calls": 575822.5,
    "mean_rmn_soa_pack_s": 0.0,
    "mean_accel_from_let_soa_s": 0.0,
    "soa_simd_active": true
  }
}