{
  "steps": 10,
  "total_particles": 16000,
  "total_wall_s": 3.730062216,
  "total_comm_s": 0.13978526700000002,
  "total_gravity_s": 3.526368053,
  "total_integration_s": 0.06307617799999976,
  "mean_step_wall_s": 0.3729229498,
  "mean_comm_s": 0.013978526700000002,
  "mean_gravity_s": 0.3526368053,
  "comm_fraction": 0.0374836858592284,
  "gravity_fraction": 0.9456023167496677,
  "hpc": {
    "mean_tree_build_s": 0.0027079836000000004,
    "mean_let_export_s": 0.0004785572,
    "mean_let_pack_s": 0.00009294960000000001,
    "mean_aabb_allgather_s": 0.0064185478,
    "mean_let_alltoallv_s": 0.1618659875,
    "mean_walk_local_s": 0.1545181782,
    "mean_apply_let_s": 0.1948449623,
    "mean_let_nodes_exported": 12949.3,
    "mean_let_nodes_imported": 15999.7,
    "mean_bytes_sent": 1864699.2,
    "mean_bytes_recv": 2303956.8,
    "wait_fraction": 0.01970329073054007,
    "mean_let_tree_build_s": 0.001264921,
    "mean_let_tree_walk_s": 0.19357421570000002,
    "mean_let_tree_nodes": 2090.5,
    "let_tree_parallel": true,
    "mean_max_let_nodes_per_rank": 12949.3,
    "mean_local_tree_nodes": 64732.4,
    "mean_export_prune_ratio": 0.20004356396487694,
    "mean_domain_rebalance_s": 0.0000485131,
    "mean_domain_migration_s": 0.00016365650000000001,
    "mean_local_particle_count": 7990.5,
    "particle_imbalance_ratio": 1.0036967418546365,
    "sfc_kind": "morton",
    "mean_apply_leaf_s": 0.0,
    "mean_apply_leaf_rmn_count": 16666901.7,
    "mean_apply_leaf_calls": 1530286.5,
    "mean_rmn_soa_pack_s": 0.0,
    "mean_accel_from_let_soa_s": 0.0,
    "soa_simd_active": true
  }
}