distribution,theta,N,mean_err,max_err,rms_err,energy_err,time_direct_ms,time_bh_ms
uniform_sphere,0.20,500,2.517664e-6,1.476659e-5,3.239403e-6,4.650898e9,0.862,7.014
uniform_sphere,0.50,500,2.517664e-6,1.476659e-5,3.239403e-6,4.650898e9,0.862,6.831
uniform_sphere,0.80,500,2.517664e-6,1.476659e-5,3.239403e-6,4.650898e9,0.862,7.690
uniform_sphere,1.00,500,2.517664e-6,1.476659e-5,3.239403e-6,4.650898e9,0.862,6.868
plummer,0.20,500,1.810860e-6,1.206936e-5,3.244880e-6,1.332317e11,0.844,9.126
plummer,0.50,500,1.810860e-6,1.206936e-5,3.244880e-6,1.332317e11,0.844,9.156
plummer,0.80,500,1.810860e-6,1.206936e-5,3.244880e-6,1.332317e11,0.844,8.609
plummer,1.00,500,1.810860e-6,1.206936e-5,3.244880e-6,1.332317e11,0.844,7.759
