distribution,theta,N,mean_err,max_err,rms_err,energy_err,time_direct_ms,time_bh_ms
uniform_sphere,0.20,500,2.517664e-6,1.476659e-5,3.239403e-6,4.650898e9,4.638,34.650
uniform_sphere,0.50,500,2.517664e-6,1.476659e-5,3.239403e-6,4.650898e9,4.638,29.877
uniform_sphere,0.80,500,2.517664e-6,1.476659e-5,3.239403e-6,4.650898e9,4.638,31.204
uniform_sphere,1.00,500,2.517664e-6,1.476659e-5,3.239403e-6,4.650898e9,4.638,27.805
plummer,0.20,500,1.810860e-6,1.206936e-5,3.244880e-6,1.332317e11,4.626,36.920
plummer,0.50,500,1.810860e-6,1.206936e-5,3.244880e-6,1.332317e11,4.626,37.351
plummer,0.80,500,1.810860e-6,1.206936e-5,3.244880e-6,1.332317e11,4.626,37.376
plummer,1.00,500,1.810860e-6,1.206936e-5,3.244880e-6,1.332317e11,4.626,37.718
