distribution,theta,N,mean_err,max_err,rms_err,energy_err,time_direct_ms,time_bh_ms
uniform_sphere,0.20,500,6.226655e-5,1.265870e-3,1.572454e-4,6.253352e10,0.847,5.779
uniform_sphere,0.50,500,3.094061e-3,8.059483e-2,7.707176e-3,2.461596e12,0.847,2.518
uniform_sphere,0.80,500,2.151976e-2,8.098725e-1,5.989556e-2,1.557346e13,0.847,1.661
uniform_sphere,1.00,500,4.659144e-2,1.202872e0,9.605195e-2,1.572533e13,0.847,0.892
plummer,0.20,500,2.856534e-3,1.422590e-2,3.648339e-3,1.024398e14,0.847,5.250
plummer,0.50,500,3.756775e-2,2.772440e-1,5.057134e-2,1.008715e15,0.847,2.386
plummer,0.80,500,1.752896e-1,1.906251e0,2.713520e-1,3.329948e15,0.847,1.368
plummer,1.00,500,3.094324e-1,2.772702e0,4.375279e-1,5.061198e15,0.847,1.038
