{
  "steps": 10,
  "total_particles": 8000,
  "total_wall_s": 1.161777282,
  "total_comm_s": 0.041384464,
  "total_gravity_s": 1.092246324,
  "total_integration_s": 0.027696785999999918,
  "mean_step_wall_s": 0.1161327574,
  "mean_comm_s": 0.004138446400000001,
  "mean_gravity_s": 0.1092246324,
  "comm_fraction": 0.03563547867675103,
  "gravity_fraction": 0.9405152761833933,
  "hpc": {
    "mean_tree_build_s": 0.0009823489000000002,
    "mean_let_export_s": 0.0002293854,
    "mean_let_pack_s": 0.000046339000000000005,
    "mean_aabb_allgather_s": 0.0026777704000000005,
    "mean_let_alltoallv_s": 0.0643731341,
    "mean_walk_local_s": 0.0630018111,
    "mean_apply_let_s": 0.04496761540000001,
    "mean_let_nodes_exported": 6827.4,
    "mean_let_nodes_imported": 7980.7,
    "mean_bytes_sent": 983145.6,
    "mean_bytes_recv": 1149220.8,
    "wait_fraction": 0.011808235942221761,
    "mean_let_tree_build_s": 0.0007057179,
    "mean_let_tree_walk_s": 0.0442590301,
    "mean_let_tree_nodes": 3046.6,
    "let_tree_parallel": true,
    "mean_max_let_nodes_per_rank": 6827.4,
    "mean_local_tree_nodes": 33197.2,
    "mean_export_prune_ratio": 0.2056619232947357,
    "mean_domain_rebalance_s": 0.0000234967,
    "mean_domain_migration_s": 0.00006585630000000001,
    "mean_local_particle_count": 4005.4,
    "particle_imbalance_ratio": 1.0092098641167588,
    "sfc_kind": "morton",
    "mean_apply_leaf_s": 0.0,
    "mean_apply_leaf_rmn_count": 2307550.3,
    "mean_apply_leaf_calls": 629856.3,
    "mean_rmn_soa_pack_s": 0.0,
    "mean_accel_from_let_soa_s": 0.0,
    "soa_simd_active": true
  }
}