{
  "steps": 10,
  "total_particles": 16000,
  "total_wall_s": 2.9979505829999997,
  "total_comm_s": 0.10168898700000001,
  "total_gravity_s": 2.839073811,
  "total_integration_s": 0.056142535000000215,
  "mean_step_wall_s": 0.29969053330000006,
  "mean_comm_s": 0.010168898700000002,
  "mean_gravity_s": 0.2839073811,
  "comm_fraction": 0.03393133105682921,
  "gravity_fraction": 0.9473351659586772,
  "hpc": {
    "mean_tree_build_s": 0.0023972569000000003,
    "mean_let_export_s": 0.0006880915,
    "mean_let_pack_s": 0.0002657745,
    "mean_aabb_allgather_s": 0.004073340900000001,
    "mean_let_alltoallv_s": 0.10226696370000002,
    "mean_walk_local_s": 0.09672732240000001,
    "mean_apply_let_s": 0.1838377992,
    "mean_let_nodes_exported": 23916.0,
    "mean_let_nodes_imported": 24028.0,
    "mean_bytes_sent": 3443904.0,
    "mean_bytes_recv": 3460032.0,
    "wait_fraction": 0.018484538830776606,
    "mean_let_tree_build_s": 0.0024740957,
    "mean_let_tree_walk_s": 0.1813548401,
    "mean_let_tree_nodes": 9715.5,
    "let_tree_parallel": false,
    "mean_max_let_nodes_per_rank": 7972.0,
    "mean_local_tree_nodes": 33779.6,
    "mean_export_prune_ratio": 0.2360004262927921,
    "mean_domain_rebalance_s": 0.0000778042,
    "mean_domain_migration_s": 0.0004781123,
    "mean_local_particle_count": 3986.0,
    "particle_imbalance_ratio": 1.0656747585486819,
    "sfc_kind": "hilbert"
  }
}