{
  "steps": 10,
  "total_particles": 16000,
  "total_wall_s": 2.592196859,
  "total_comm_s": 0.10426547300000001,
  "total_gravity_s": 2.4481386080000003,
  "total_integration_s": 0.03897463900000009,
  "mean_step_wall_s": 0.25913787200000005,
  "mean_comm_s": 0.010426547300000002,
  "mean_gravity_s": 0.24481386080000003,
  "comm_fraction": 0.040235521035690225,
  "gravity_fraction": 0.9447243620183776,
  "hpc": {
    "mean_tree_build_s": 0.0022395087,
    "mean_let_export_s": 0.00044512070000000004,
    "mean_let_pack_s": 0.0000698879,
    "mean_aabb_allgather_s": 0.0035715951000000004,
    "mean_let_alltoallv_s": 0.16282758940000003,
    "mean_walk_local_s": 0.15618018120000002,
    "mean_apply_let_s": 0.0858838992,
    "mean_let_nodes_exported": 12949.3,
    "mean_let_nodes_imported": 15999.7,
    "mean_bytes_sent": 1864699.2,
    "mean_bytes_recv": 2303956.8,
    "wait_fraction": 0.025652013535096097,
    "mean_let_tree_build_s": 0.0015212462,
    "mean_let_tree_walk_s": 0.08435791610000001,
    "mean_let_tree_nodes": 6627.4,
    "let_tree_parallel": true,
    "mean_max_let_nodes_per_rank": 12949.3,
    "mean_local_tree_nodes": 64730.8,
    "mean_export_prune_ratio": 0.20004850859250928,
    "mean_domain_rebalance_s": 0.0000512511,
    "mean_domain_migration_s": 0.0001562929,
    "mean_local_particle_count": 7990.5,
    "particle_imbalance_ratio": 1.0036967418546365,
    "sfc_kind": "morton",
    "mean_apply_leaf_s": 0.0,
    "mean_apply_leaf_rmn_count": 4984593.7,
    "mean_apply_leaf_calls": 1233517.1,
    "mean_rmn_soa_pack_s": 0.0,
    "mean_accel_from_let_soa_s": 0.0,
    "soa_simd_active": true
  }
}