{
  "steps": 20,
  "total_particles": 512,
  "total_wall_s": 0.105788243,
  "total_comm_s": 0.000024422,
  "total_gravity_s": 0.105416773,
  "total_integration_s": 0.00007776800000000583,
  "mean_step_wall_s": 0.00527594815,
  "mean_comm_s": 1.2211e-6,
  "mean_gravity_s": 0.00527083865,
  "comm_fraction": 0.000231446550512442,
  "gravity_fraction": 0.9990315484810062
}