{
  "steps": 10,
  "total_particles": 16000,
  "total_wall_s": 5.121528469,
  "total_comm_s": 0.171705869,
  "total_gravity_s": 4.854116441,
  "total_integration_s": 0.09488753599999988,
  "mean_step_wall_s": 0.5120709846,
  "mean_comm_s": 0.0171705869,
  "mean_gravity_s": 0.48541164410000004,
  "comm_fraction": 0.03353165365034823,
  "gravity_fraction": 0.9479381935283353,
  "hpc": {
    "mean_tree_build_s": 0.0026790092,
    "mean_let_export_s": 0.0004536755,
    "mean_let_pack_s": 0.0000705111,
    "mean_aabb_allgather_s": 0.0095743569,
    "mean_let_alltoallv_s": 0.15924243200000002,
    "mean_walk_local_s": 0.1518470667,
    "mean_apply_let_s": 0.3303655232,
    "mean_let_nodes_exported": 12949.5,
    "mean_let_nodes_imported": 15999.5,
    "mean_bytes_sent": 1864728.0,
    "mean_bytes_recv": 2303928.0,
    "wait_fraction": 0.014442070576947116,
    "mean_let_tree_build_s": 0.0010985392,
    "mean_let_tree_walk_s": 0.32926284240000003,
    "mean_let_tree_nodes": 978.5,
    "let_tree_parallel": true,
    "mean_max_let_nodes_per_rank": 12949.5,
    "mean_local_tree_nodes": 64730.8,
    "mean_export_prune_ratio": 0.20005159831177738,
    "mean_domain_rebalance_s": 0.00004819170000000001,
    "mean_domain_migration_s": 0.000152673,
    "mean_local_particle_count": 7990.6,
    "particle_imbalance_ratio": 1.0036842105263157,
    "sfc_kind": "morton",
    "mean_apply_leaf_s": 0.0,
    "mean_apply_leaf_rmn_count": 32178020.3,
    "mean_apply_leaf_calls": 1601501.0,
    "mean_rmn_soa_pack_s": 0.0,
    "mean_accel_from_let_soa_s": 0.0,
    "soa_simd_active": true
  }
}