{
  "steps": 10,
  "total_particles": 16000,
  "total_wall_s": 2.5814636269999998,
  "total_comm_s": 0.11537554500000001,
  "total_gravity_s": 2.424019189,
  "total_integration_s": 0.04113951600000032,
  "mean_step_wall_s": 0.25805342500000006,
  "mean_comm_s": 0.011537554500000002,
  "mean_gravity_s": 0.2424019189,
  "comm_fraction": 0.04470994523711514,
  "gravity_fraction": 0.9393478071449738,
  "hpc": {
    "mean_tree_build_s": 0.0031639329000000002,
    "mean_let_export_s": 0.0005162334,
    "mean_let_pack_s": 0.00012094640000000002,
    "mean_aabb_allgather_s": 0.0036165308,
    "mean_let_alltoallv_s": 0.15997000760000002,
    "mean_walk_local_s": 0.15226469,
    "mean_apply_let_s": 0.0863435964,
    "mean_let_nodes_exported": 12949.3,
    "mean_let_nodes_imported": 15999.7,
    "mean_bytes_sent": 1864699.2,
    "mean_bytes_recv": 2303956.8,
    "wait_fraction": 0.029859389000552884,
    "mean_let_tree_build_s": 0.0015828142,
    "mean_let_tree_walk_s": 0.084753302,
    "mean_let_tree_nodes": 6627.4,
    "let_tree_parallel": true,
    "mean_max_let_nodes_per_rank": 12949.3,
    "mean_local_tree_nodes": 64730.8,
    "mean_export_prune_ratio": 0.20004850859250928,
    "mean_domain_rebalance_s": 0.000050777200000000006,
    "mean_domain_migration_s": 0.0001649289,
    "mean_local_particle_count": 7990.5,
    "particle_imbalance_ratio": 1.0036967418546365,
    "sfc_kind": "morton",
    "mean_apply_leaf_s": 0.0,
    "mean_apply_leaf_rmn_count": 4984593.7,
    "mean_apply_leaf_calls": 1233517.1,
    "mean_rmn_soa_pack_s": 0.0,
    "mean_accel_from_let_soa_s": 0.0,
    "soa_simd_active": true
  }
}