mode,label,steps,total_wall_s,mean_step_ms,dE_max,dE_final,gravity_frac,comm_frac
global_dt,Timestep global fijo,300,0.327555876,1.0763528100000002,0.004286061660537009,0.000577251122801705,0.9989954997500619,0.0003693491542053019
hierarchical,Block timesteps (Aarseth),300,1.074616688,3.563250173333334,0.005802959006658633,0.0018559969893521095,0.9878649038855212,0.0004172052464326361
