{
  "steps": 10,
  "total_particles": 8000,
  "total_wall_s": 1.407363978,
  "total_comm_s": 0.044721098,
  "total_gravity_s": 1.329073203,
  "total_integration_s": 0.03312934500000009,
  "mean_step_wall_s": 0.1406923646,
  "mean_comm_s": 0.0044721098,
  "mean_gravity_s": 0.13290732030000002,
  "comm_fraction": 0.03178644280174391,
  "gravity_fraction": 0.9446661919278028,
  "hpc": {
    "mean_tree_build_s": 0.0009869078,
    "mean_let_export_s": 0.00022626,
    "mean_let_pack_s": 0.0000467516,
    "mean_aabb_allgather_s": 0.0032441553000000004,
    "mean_let_alltoallv_s": 0.064590615,
    "mean_walk_local_s": 0.06345344500000001,
    "mean_apply_let_s": 0.0681976526,
    "mean_let_nodes_exported": 6827.5,
    "mean_let_nodes_imported": 7980.7,
    "mean_bytes_sent": 983160.0,
    "mean_bytes_recv": 1149220.8,
    "wait_fraction": 0.008082670322821485,
    "mean_let_tree_build_s": 0.0007025455000000001,
    "mean_let_tree_walk_s": 0.06749141040000001,
    "mean_let_tree_nodes": 3046.6,
    "let_tree_parallel": true,
    "mean_max_let_nodes_per_rank": 6827.5,
    "mean_local_tree_nodes": 33194.0,
    "mean_export_prune_ratio": 0.20568476230644092,
    "mean_domain_rebalance_s": 0.0000240666,
    "mean_domain_migration_s": 0.0000667179,
    "mean_local_particle_count": 4005.4,
    "particle_imbalance_ratio": 1.0092098641167588,
    "sfc_kind": "morton",
    "mean_apply_leaf_s": 0.0,
    "mean_apply_leaf_rmn_count": 0.0,
    "mean_apply_leaf_calls": 0.0,
    "mean_rmn_soa_pack_s": 0.0,
    "mean_accel_from_let_soa_s": 0.0,
    "soa_simd_active": true,
    "mean_apply_leaf_tile_calls": 354851.3,
    "mean_apply_leaf_tile_i_count": 1418480.2,
    "tile_utilization_ratio": 0.9993483185773872
  }
}