{
  "steps": 10,
  "total_particles": 16000,
  "total_wall_s": 2.553089209,
  "total_comm_s": 0.11332554,
  "total_gravity_s": 2.4003404080000004,
  "total_integration_s": 0.03861984699999965,
  "mean_step_wall_s": 0.2552285795,
  "mean_comm_s": 0.011332554,
  "mean_gravity_s": 0.24003404080000004,
  "comm_fraction": 0.04440158708793817,
  "gravity_fraction": 0.9404669385780915,
  "hpc": {
    "mean_tree_build_s": 0.0024292845,
    "mean_let_export_s": 0.00047260330000000004,
    "mean_let_pack_s": 0.0000855941,
    "mean_aabb_allgather_s": 0.0035575248000000005,
    "mean_let_alltoallv_s": 0.15869978020000003,
    "mean_walk_local_s": 0.15111352900000002,
    "mean_apply_let_s": 0.0859371446,
    "mean_let_nodes_exported": 12949.3,
    "mean_let_nodes_imported": 15999.7,
    "mean_bytes_sent": 1864699.2,
    "mean_bytes_recv": 2303956.8,
    "wait_fraction": 0.029723360976508514,
    "mean_let_tree_build_s": 0.0015606130000000002,
    "mean_let_tree_walk_s": 0.0843724169,
    "mean_let_tree_nodes": 6627.4,
    "let_tree_parallel": true,
    "mean_max_let_nodes_per_rank": 12949.3,
    "mean_local_tree_nodes": 64730.8,
    "mean_export_prune_ratio": 0.20004850859250928,
    "mean_domain_rebalance_s": 0.000048817800000000005,
    "mean_domain_migration_s": 0.0001399602,
    "mean_local_particle_count": 7990.5,
    "particle_imbalance_ratio": 1.0036967418546365,
    "sfc_kind": "morton",
    "mean_apply_leaf_s": 0.0,
    "mean_apply_leaf_rmn_count": 4984593.7,
    "mean_apply_leaf_calls": 1233517.1,
    "mean_rmn_soa_pack_s": 0.0,
    "mean_accel_from_let_soa_s": 0.0,
    "soa_simd_active": true
  }
}