{
  "steps": 10,
  "total_particles": 16000,
  "total_wall_s": 3.044389558,
  "total_comm_s": 0.111272756,
  "total_gravity_s": 2.892009255,
  "total_integration_s": 0.04023336000000022,
  "mean_step_wall_s": 0.3043515371,
  "mean_comm_s": 0.0111272756,
  "mean_gravity_s": 0.2892009255,
  "comm_fraction": 0.03656060260455967,
  "gravity_fraction": 0.9502200260121505,
  "hpc": {
    "mean_tree_build_s": 0.0029443464,
    "mean_let_export_s": 0.00046926070000000007,
    "mean_let_pack_s": 0.00007495630000000001,
    "mean_aabb_allgather_s": 0.0033169094000000004,
    "mean_let_alltoallv_s": 0.15966054820000003,
    "mean_walk_local_s": 0.15206333040000003,
    "mean_apply_let_s": 0.13365526840000003,
    "mean_let_nodes_exported": 12949.3,
    "mean_let_nodes_imported": 15999.7,
    "mean_bytes_sent": 1864699.2,
    "mean_bytes_recv": 2303956.8,
    "wait_fraction": 0.024961982687486152,
    "mean_let_tree_build_s": 0.0013802702,
    "mean_let_tree_walk_s": 0.1322687615,
    "mean_let_tree_nodes": 3399.2,
    "let_tree_parallel": true,
    "mean_max_let_nodes_per_rank": 12949.3,
    "mean_local_tree_nodes": 64730.8,
    "mean_export_prune_ratio": 0.20004850859250928,
    "mean_domain_rebalance_s": 0.00004884980000000001,
    "mean_domain_migration_s": 0.00016429860000000002,
    "mean_local_particle_count": 7990.5,
    "particle_imbalance_ratio": 1.0036967418546365,
    "sfc_kind": "morton",
    "mean_apply_leaf_s": 0.0,
    "mean_apply_leaf_rmn_count": 9334412.8,
    "mean_apply_leaf_calls": 1400687.4,
    "mean_rmn_soa_pack_s": 0.0,
    "mean_accel_from_let_soa_s": 0.0,
    "soa_simd_active": true
  }
}