{
  "steps": 10,
  "total_particles": 8000,
  "total_wall_s": 0.786886641,
  "total_comm_s": 0.18332276900000002,
  "total_gravity_s": 0.47268133300000004,
  "total_integration_s": 0.130233386,
  "mean_step_wall_s": 0.0786237488,
  "mean_comm_s": 0.018332276900000003,
  "mean_gravity_s": 0.0472681333,
  "comm_fraction": 0.23316462493581838,
  "gravity_fraction": 0.6011940923885328,
  "hpc": {
    "mean_tree_build_s": 0.0005834781,
    "mean_let_export_s": 0.00031800590000000004,
    "mean_let_pack_s": 0.00023028150000000002,
    "mean_aabb_allgather_s": 0.0124515914,
    "mean_let_alltoallv_s": 0.018848300000000002,
    "mean_walk_local_s": 0.013127671100000002,
    "mean_apply_let_s": 0.03302280070000001,
    "mean_let_nodes_exported": 12057.4,
    "mean_let_nodes_imported": 10428.3,
    "mean_bytes_sent": 1736265.6,
    "mean_bytes_recv": 1501675.2,
    "wait_fraction": 0.07275955404456623,
    "mean_let_tree_build_s": 0.0014419258,
    "mean_let_tree_walk_s": 0.0315667709,
    "mean_let_tree_nodes": 4128.0,
    "let_tree_parallel": false,
    "mean_max_let_nodes_per_rank": 2000.0,
    "mean_local_tree_nodes": 8786.0,
    "mean_export_prune_ratio": 0.1960489089785698,
    "mean_domain_rebalance_s": 0.0000443572,
    "mean_domain_migration_s": 0.00011569940000000002,
    "mean_local_particle_count": 1000.0,
    "particle_imbalance_ratio": 1.0,
    "sfc_kind": "morton"
  }
}