{
  "steps": 10,
  "total_particles": 16000,
  "total_wall_s": 1.649777869,
  "total_comm_s": 0.191772419,
  "total_gravity_s": 1.3128182750000001,
  "total_integration_s": 0.14455255699999991,
  "mean_step_wall_s": 0.1649143251,
  "mean_comm_s": 0.0191772419,
  "mean_gravity_s": 0.1312818275,
  "comm_fraction": 0.11628608908517431,
  "gravity_fraction": 0.7960607874445954,
  "hpc": {
    "mean_tree_build_s": 0.0017672961,
    "mean_let_export_s": 0.0006756335000000001,
    "mean_let_pack_s": 0.00035845820000000004,
    "mean_aabb_allgather_s": 0.013442993,
    "mean_let_alltoallv_s": 0.0747611319,
    "mean_walk_local_s": 0.0692459021,
    "mean_apply_let_s": 0.0592399546,
    "mean_let_nodes_exported": 20638.5,
    "mean_let_nodes_imported": 19054.3,
    "mean_bytes_sent": 2971944.0,
    "mean_bytes_recv": 2743819.2,
    "wait_fraction": 0.033443000155721464,
    "mean_let_tree_build_s": 0.0023155694,
    "mean_let_tree_walk_s": 0.05691896820000001,
    "mean_let_tree_nodes": 8135.0,
    "let_tree_parallel": true,
    "mean_max_let_nodes_per_rank": 7633.1,
    "mean_local_tree_nodes": 37017.2,
    "mean_export_prune_ratio": 0.18584603913856262,
    "mean_domain_rebalance_s": 0.00006722190000000001,
    "mean_domain_migration_s": 0.0001517972,
    "mean_local_particle_count": 4537.4,
    "particle_imbalance_ratio": 4.538499025341131,
    "sfc_kind": "morton",
    "mean_apply_leaf_s": 0.0,
    "mean_apply_leaf_rmn_count": 3118460.0,
    "mean_apply_leaf_calls": 814645.3,
    "mean_rmn_soa_pack_s": 0.0,
    "mean_accel_from_let_soa_s": 0.0,
    "soa_simd_active": true
  }
}