rank,N,total_wall_s,mean_step_ms,gravity_frac,comm_frac,weak_efficiency
1,1000,0.615358,12.2978,0.998632,0.000968,100.00
2,2000,0.985996,19.6290,0.994002,0.005697,62.41
4,4000,1.293531,25.4431,0.978346,0.021395,47.57
