{
  "steps": 10,
  "total_particles": 8000,
  "total_wall_s": 1.696017791,
  "total_comm_s": 0.061912803,
  "total_gravity_s": 1.58437401,
  "total_integration_s": 0.049138045999999935,
  "mean_step_wall_s": 0.1695424859,
  "mean_comm_s": 0.0061912803,
  "mean_gravity_s": 0.158437401,
  "comm_fraction": 0.03651757414747214,
  "gravity_fraction": 0.9344996928584023,
  "hpc": {
    "mean_tree_build_s": 0.0011670138,
    "mean_let_export_s": 0.00024455280000000004,
    "mean_let_pack_s": 0.00005962150000000001,
    "mean_aabb_allgather_s": 0.0046293631000000005,
    "mean_let_alltoallv_s": 0.08948108360000001,
    "mean_walk_local_s": 0.08804417140000001,
    "mean_apply_let_s": 0.0689252343,
    "mean_let_nodes_exported": 6827.4,
    "mean_let_nodes_imported": 7980.7,
    "mean_bytes_sent": 983145.6,
    "mean_bytes_recv": 1149220.8,
    "wait_fraction": 0.008475233758501828,
    "mean_let_tree_build_s": 0.0006864421,
    "mean_let_tree_walk_s": 0.0682355994,
    "mean_let_tree_nodes": 3046.6,
    "let_tree_parallel": false,
    "mean_max_let_nodes_per_rank": 6827.4,
    "mean_local_tree_nodes": 33197.2,
    "mean_export_prune_ratio": 0.2056619232947357,
    "mean_domain_rebalance_s": 0.000023968400000000002,
    "mean_domain_migration_s": 0.0001010366,
    "mean_local_particle_count": 4005.4,
    "particle_imbalance_ratio": 1.0092098641167588,
    "sfc_kind": "morton",
    "mean_apply_leaf_s": 0.0,
    "mean_apply_leaf_rmn_count": 2307550.3,
    "mean_apply_leaf_calls": 629856.3,
    "mean_rmn_soa_pack_s": 0.0,
    "mean_accel_from_let_soa_s": 0.0,
    "soa_simd_active": false
  }
}