{
  "steps": 10,
  "total_particles": 8000,
  "total_wall_s": 1.626622201,
  "total_comm_s": 0.044688819000000005,
  "total_gravity_s": 1.5525702570000002,
  "total_integration_s": 0.02889549499999977,
  "mean_step_wall_s": 0.1626154571,
  "mean_comm_s": 0.004468881900000001,
  "mean_gravity_s": 0.15525702570000002,
  "comm_fraction": 0.02748128609478908,
  "gravity_fraction": 0.9547494959505913,
  "hpc": {
    "mean_tree_build_s": 0.0009648308000000001,
    "mean_let_export_s": 0.00022764720000000003,
    "mean_let_pack_s": 0.0000495882,
    "mean_aabb_allgather_s": 0.0030502618,
    "mean_let_alltoallv_s": 0.06436921440000001,
    "mean_walk_local_s": 0.0630394725,
    "mean_apply_let_s": 0.0909783791,
    "mean_let_nodes_exported": 6827.4,
    "mean_let_nodes_imported": 7980.7,
    "mean_bytes_sent": 983145.6,
    "mean_bytes_recv": 1149220.8,
    "wait_fraction": 0.008177217121385198,
    "mean_let_tree_build_s": 0.000571265,
    "mean_let_tree_walk_s": 0.090404222,
    "mean_let_tree_nodes": 978.4,
    "let_tree_parallel": true,
    "mean_max_let_nodes_per_rank": 6827.4,
    "mean_local_tree_nodes": 33196.4,
    "mean_export_prune_ratio": 0.20566687954115506,
    "mean_domain_rebalance_s": 0.0000234977,
    "mean_domain_migration_s": 0.00006538050000000001,
    "mean_local_particle_count": 4005.4,
    "particle_imbalance_ratio": 1.0092098641167588,
    "sfc_kind": "morton",
    "mean_apply_leaf_s": 0.0,
    "mean_apply_leaf_rmn_count": 8003462.2,
    "mean_apply_leaf_calls": 753153.5,
    "mean_rmn_soa_pack_s": 0.0,
    "mean_accel_from_let_soa_s": 0.0,
    "soa_simd_active": true
  }
}