{
  "steps": 10,
  "total_particles": 16000,
  "total_wall_s": 1.78227718,
  "total_comm_s": 0.412539564,
  "total_gravity_s": 1.098788378,
  "total_integration_s": 0.2700127400000001,
  "mean_step_wall_s": 0.17813406820000002,
  "mean_comm_s": 0.0412539564,
  "mean_gravity_s": 0.1098788378,
  "comm_fraction": 0.2315893687089778,
  "gravity_fraction": 0.6168322483750472,
  "hpc": {
    "mean_tree_build_s": 0.0012525666,
    "mean_let_export_s": 0.0007006809000000001,
    "mean_let_pack_s": 0.00042184860000000005,
    "mean_aabb_allgather_s": 0.026212855400000002,
    "mean_let_alltoallv_s": 0.04880920600000001,
    "mean_walk_local_s": 0.0341365988,
    "mean_apply_let_s": 0.07338157940000001,
    "mean_let_nodes_exported": 21871.1,
    "mean_let_nodes_imported": 20776.2,
    "mean_bytes_sent": 3149438.4,
    "mean_bytes_recv": 2991772.8,
    "wait_fraction": 0.08236833834349043,
    "mean_let_tree_build_s": 0.0032250533000000004,
    "mean_let_tree_walk_s": 0.0701420896,
    "mean_let_tree_nodes": 8474.4,
    "let_tree_parallel": false,
    "mean_max_let_nodes_per_rank": 4000.0,
    "mean_local_tree_nodes": 17266.0,
    "mean_export_prune_ratio": 0.1809592758683457,
    "mean_domain_rebalance_s": 0.000093347,
    "mean_domain_migration_s": 0.0002751468,
    "mean_local_particle_count": 2000.0,
    "particle_imbalance_ratio": 1.0,
    "sfc_kind": "morton"
  }
}