{
  "steps": 10,
  "total_particles": 16000,
  "total_wall_s": 4.011087604,
  "total_comm_s": 0.165028806,
  "total_gravity_s": 3.774580374,
  "total_integration_s": 0.07052287200000018,
  "mean_step_wall_s": 0.40101320520000006,
  "mean_comm_s": 0.0165028806,
  "mean_gravity_s": 0.3774580374,
  "comm_fraction": 0.04115296051602442,
  "gravity_fraction": 0.9412608674862659,
  "hpc": {
    "mean_tree_build_s": 0.0029886750000000005,
    "mean_let_export_s": 0.0004805142,
    "mean_let_pack_s": 0.000106348,
    "mean_aabb_allgather_s": 0.006699386,
    "mean_let_alltoallv_s": 0.2343319556,
    "mean_walk_local_s": 0.22476501840000002,
    "mean_apply_let_s": 0.1491235356,
    "mean_let_nodes_exported": 12949.3,
    "mean_let_nodes_imported": 15999.7,
    "mean_bytes_sent": 1864699.2,
    "mean_bytes_recv": 2303956.8,
    "wait_fraction": 0.023856913128904613,
    "mean_let_tree_build_s": 0.0015240448,
    "mean_let_tree_walk_s": 0.147593437,
    "mean_let_tree_nodes": 6627.4,
    "let_tree_parallel": false,
    "mean_max_let_nodes_per_rank": 12949.3,
    "mean_local_tree_nodes": 64730.8,
    "mean_export_prune_ratio": 0.20004850859250928,
    "mean_domain_rebalance_s": 0.000047846700000000004,
    "mean_domain_migration_s": 0.0001887107,
    "mean_local_particle_count": 7990.5,
    "particle_imbalance_ratio": 1.0036967418546365,
    "sfc_kind": "morton"
  }
}