{
  "steps": 10,
  "total_particles": 16000,
  "total_wall_s": 2.686201413,
  "total_comm_s": 0.114993202,
  "total_gravity_s": 2.530996291,
  "total_integration_s": 0.039426922000000086,
  "mean_step_wall_s": 0.26854164150000004,
  "mean_comm_s": 0.0114993202,
  "mean_gravity_s": 0.2530996291,
  "comm_fraction": 0.042821367054166906,
  "gravity_fraction": 0.9424967676754147,
  "hpc": {
    "mean_tree_build_s": 0.0023872496,
    "mean_let_export_s": 0.00044805600000000006,
    "mean_let_pack_s": 0.00006819910000000001,
    "mean_aabb_allgather_s": 0.0036695365,
    "mean_let_alltoallv_s": 0.15875905740000001,
    "mean_walk_local_s": 0.1511152274,
    "mean_apply_let_s": 0.0990849106,
    "mean_let_nodes_exported": 12949.3,
    "mean_let_nodes_imported": 15999.7,
    "mean_bytes_sent": 1864699.2,
    "mean_bytes_recv": 2303956.8,
    "wait_fraction": 0.02846422609656983,
    "mean_let_tree_build_s": 0.0015215437000000002,
    "mean_let_tree_walk_s": 0.09755935330000001,
    "mean_let_tree_nodes": 6627.4,
    "let_tree_parallel": true,
    "mean_max_let_nodes_per_rank": 12949.3,
    "mean_local_tree_nodes": 64730.8,
    "mean_export_prune_ratio": 0.20004850859250928,
    "mean_domain_rebalance_s": 0.000048131400000000005,
    "mean_domain_migration_s": 0.0001378223,
    "mean_local_particle_count": 7990.5,
    "particle_imbalance_ratio": 1.0036967418546365,
    "sfc_kind": "morton",
    "mean_apply_leaf_s": 0.0,
    "mean_apply_leaf_rmn_count": 4984593.7,
    "mean_apply_leaf_calls": 1233517.1,
    "mean_rmn_soa_pack_s": 0.0,
    "mean_accel_from_let_soa_s": 0.0,
    "soa_simd_active": true
  }
}