{
  "steps": 10,
  "total_particles": 8000,
  "total_wall_s": 1.6002784920000002,
  "total_comm_s": 0.10905049200000001,
  "total_gravity_s": 1.4141207150000001,
  "total_integration_s": 0.07665118000000004,
  "mean_step_wall_s": 0.1599822387,
  "mean_comm_s": 0.010905049200000001,
  "mean_gravity_s": 0.14141207150000001,
  "comm_fraction": 0.06816412427162766,
  "gravity_fraction": 0.8839235695731016,
  "hpc": {
    "mean_tree_build_s": 0.0007639177,
    "mean_let_export_s": 0.0003241809,
    "mean_let_pack_s": 0.0001452558,
    "mean_aabb_allgather_s": 0.007567592400000001,
    "mean_let_alltoallv_s": 0.028466480199999998,
    "mean_walk_local_s": 0.025245110000000005,
    "mean_apply_let_s": 0.11493668480000001,
    "mean_let_nodes_exported": 11166.0,
    "mean_let_nodes_imported": 10966.3,
    "mean_bytes_sent": 1607904.0,
    "mean_bytes_recv": 1579147.2,
    "wait_fraction": 0.020135798987290957,
    "mean_let_tree_build_s": 0.0008062649,
    "mean_let_tree_walk_s": 0.11412734220000001,
    "mean_let_tree_nodes": 721.2,
    "let_tree_parallel": true,
    "mean_max_let_nodes_per_rank": 4070.3,
    "mean_local_tree_nodes": 18199.6,
    "mean_export_prune_ratio": 0.20450998923053254,
    "mean_domain_rebalance_s": 0.0000420141,
    "mean_domain_migration_s": 0.0000740725,
    "mean_local_particle_count": 2143.5,
    "particle_imbalance_ratio": 5.589460784313726,
    "sfc_kind": "morton",
    "mean_apply_leaf_s": 0.0,
    "mean_apply_leaf_rmn_count": 10817613.8,
    "mean_apply_leaf_calls": 532821.2,
    "mean_rmn_soa_pack_s": 0.0,
    "mean_accel_from_let_soa_s": 0.0,
    "soa_simd_active": true
  }
}