{
  "steps": 10,
  "total_particles": 16000,
  "total_wall_s": 2.5721155639999997,
  "total_comm_s": 0.11550099600000001,
  "total_gravity_s": 2.4161754330000003,
  "total_integration_s": 0.03958709299999974,
  "mean_step_wall_s": 0.2571263522,
  "mean_comm_s": 0.0115500996,
  "mean_gravity_s": 0.24161754330000002,
  "comm_fraction": 0.04491993722609969,
  "gravity_fraction": 0.9396840939588456,
  "hpc": {
    "mean_tree_build_s": 0.0028968285000000003,
    "mean_let_export_s": 0.0004709332,
    "mean_let_pack_s": 0.00007857360000000001,
    "mean_aabb_allgather_s": 0.0035779946,
    "mean_let_alltoallv_s": 0.1595401815,
    "mean_walk_local_s": 0.15178616820000002,
    "mean_apply_let_s": 0.08639130910000001,
    "mean_let_nodes_exported": 12949.3,
    "mean_let_nodes_imported": 15999.7,
    "mean_bytes_sent": 1864699.2,
    "mean_bytes_recv": 2303956.8,
    "wait_fraction": 0.030156431784046443,
    "mean_let_tree_build_s": 0.0015625242,
    "mean_let_tree_walk_s": 0.08482251560000001,
    "mean_let_tree_nodes": 6627.4,
    "let_tree_parallel": true,
    "mean_max_let_nodes_per_rank": 12949.3,
    "mean_local_tree_nodes": 64730.8,
    "mean_export_prune_ratio": 0.20004850859250928,
    "mean_domain_rebalance_s": 0.000051922399999999996,
    "mean_domain_migration_s": 0.00016616930000000002,
    "mean_local_particle_count": 7990.5,
    "particle_imbalance_ratio": 1.0036967418546365,
    "sfc_kind": "morton",
    "mean_apply_leaf_s": 0.0,
    "mean_apply_leaf_rmn_count": 4984593.7,
    "mean_apply_leaf_calls": 1233517.1,
    "mean_rmn_soa_pack_s": 0.0,
    "mean_accel_from_let_soa_s": 0.0,
    "soa_simd_active": true
  }
}