{
  "steps": 10,
  "total_particles": 16000,
  "total_wall_s": 1.805837571,
  "total_comm_s": 0.21563896200000002,
  "total_gravity_s": 1.4219345520000002,
  "total_integration_s": 0.16746793999999987,
  "mean_step_wall_s": 0.1805041454,
  "mean_comm_s": 0.021563896200000002,
  "mean_gravity_s": 0.1421934552,
  "comm_fraction": 0.11946482532140229,
  "gravity_fraction": 0.7877572832740051,
  "hpc": {
    "mean_tree_build_s": 0.0022355461,
    "mean_let_export_s": 0.0007322299000000001,
    "mean_let_pack_s": 0.00043514030000000003,
    "mean_aabb_allgather_s": 0.0157430387,
    "mean_let_alltoallv_s": 0.0755052157,
    "mean_walk_local_s": 0.0699313784,
    "mean_apply_let_s": 0.0688682511,
    "mean_let_nodes_exported": 20638.5,
    "mean_let_nodes_imported": 19054.3,
    "mean_bytes_sent": 2971944.0,
    "mean_bytes_recv": 2743819.2,
    "wait_fraction": 0.030879275861771978,
    "mean_let_tree_build_s": 0.0024564077,
    "mean_let_tree_walk_s": 0.0664027528,
    "mean_let_tree_nodes": 8135.0,
    "let_tree_parallel": true,
    "mean_max_let_nodes_per_rank": 7633.1,
    "mean_local_tree_nodes": 37017.2,
    "mean_export_prune_ratio": 0.18584603913856262,
    "mean_domain_rebalance_s": 0.00006728960000000001,
    "mean_domain_migration_s": 0.0001797306,
    "mean_local_particle_count": 4537.4,
    "particle_imbalance_ratio": 4.538499025341131,
    "sfc_kind": "morton",
    "mean_apply_leaf_s": 0.0,
    "mean_apply_leaf_rmn_count": 3118460.0,
    "mean_apply_leaf_calls": 814645.3,
    "mean_rmn_soa_pack_s": 0.0,
    "mean_accel_from_let_soa_s": 0.0,
    "soa_simd_active": true
  }
}