{
  "steps": 10,
  "total_particles": 8000,
  "total_wall_s": 0.712492188,
  "total_comm_s": 0.075968966,
  "total_gravity_s": 0.5902126470000001,
  "total_integration_s": 0.045864156999999905,
  "mean_step_wall_s": 0.071204577,
  "mean_comm_s": 0.0075968966,
  "mean_gravity_s": 0.059021264700000006,
  "comm_fraction": 0.10669112745378713,
  "gravity_fraction": 0.8288970623335071,
  "hpc": {
    "mean_tree_build_s": 0.0007864824000000002,
    "mean_let_export_s": 0.0003250392,
    "mean_let_pack_s": 0.0001847134,
    "mean_aabb_allgather_s": 0.004268047400000001,
    "mean_let_alltoallv_s": 0.0284091048,
    "mean_walk_local_s": 0.0252092989,
    "mean_apply_let_s": 0.032518607,
    "mean_let_nodes_exported": 11166.0,
    "mean_let_nodes_imported": 10966.4,
    "mean_bytes_sent": 1607904.0,
    "mean_bytes_recv": 1579161.6,
    "wait_fraction": 0.04493820530666168,
    "mean_let_tree_build_s": 0.0012428733000000001,
    "mean_let_tree_walk_s": 0.0312728575,
    "mean_let_tree_nodes": 4134.5,
    "let_tree_parallel": true,
    "mean_max_let_nodes_per_rank": 4070.3,
    "mean_local_tree_nodes": 18199.6,
    "mean_export_prune_ratio": 0.20450998923053254,
    "mean_domain_rebalance_s": 0.000042664100000000004,
    "mean_domain_migration_s": 0.00008637920000000001,
    "mean_local_particle_count": 2143.5,
    "particle_imbalance_ratio": 5.589460784313726,
    "sfc_kind": "morton",
    "mean_apply_leaf_s": 0.0,
    "mean_apply_leaf_rmn_count": 1981355.4,
    "mean_apply_leaf_calls": 514506.4,
    "mean_rmn_soa_pack_s": 0.0,
    "mean_accel_from_let_soa_s": 0.0,
    "soa_simd_active": true
  }
}