{
  "steps": 100,
  "total_particles": 512,
  "total_wall_s": 0.162555354,
  "total_comm_s": 0.000111701,
  "total_gravity_s": 0.161063652,
  "total_integration_s": 0.00022522900000002122,
  "mean_step_wall_s": 0.0016140058200000001,
  "mean_comm_s": 1.1170100000000001e-6,
  "mean_gravity_s": 0.00161063652,
  "comm_fraction": 0.0006920730930201974,
  "gravity_fraction": 0.9979124610591552
}