{
  "steps": 10,
  "total_particles": 16000,
  "total_wall_s": 3.9213419529999998,
  "total_comm_s": 0.248800911,
  "total_gravity_s": 3.473680148,
  "total_integration_s": 0.19824234500000015,
  "mean_step_wall_s": 0.39207234040000005,
  "mean_comm_s": 0.0248800911,
  "mean_gravity_s": 0.3473680148,
  "comm_fraction": 0.06345790951388419,
  "gravity_fraction": 0.8859793946331644,
  "hpc": {
    "mean_tree_build_s": 0.0019428469000000001,
    "mean_let_export_s": 0.0006971052,
    "mean_let_pack_s": 0.0003654616,
    "mean_aabb_allgather_s": 0.019252314700000002,
    "mean_let_alltoallv_s": 0.0747216832,
    "mean_walk_local_s": 0.06931516900000001,
    "mean_apply_let_s": 0.2750518743,
    "mean_let_nodes_exported": 20637.8,
    "mean_let_nodes_imported": 19054.4,
    "mean_bytes_sent": 2971843.2,
    "mean_bytes_recv": 2743833.6,
    "wait_fraction": 0.013789583306193358,
    "mean_let_tree_build_s": 0.0016580093,
    "mean_let_tree_walk_s": 0.2733894228,
    "mean_let_tree_nodes": 1192.3,
    "let_tree_parallel": true,
    "mean_max_let_nodes_per_rank": 7632.9,
    "mean_local_tree_nodes": 37010.8,
    "mean_export_prune_ratio": 0.18587187163386543,
    "mean_domain_rebalance_s": 0.0000679163,
    "mean_domain_migration_s": 0.0001533459,
    "mean_local_particle_count": 4537.3,
    "particle_imbalance_ratio": 4.538499025341131,
    "sfc_kind": "morton",
    "mean_apply_leaf_s": 0.0,
    "mean_apply_leaf_rmn_count": 25561156.7,
    "mean_apply_leaf_calls": 1069286.9,
    "mean_rmn_soa_pack_s": 0.0,
    "mean_accel_from_let_soa_s": 0.0,
    "soa_simd_active": true
  }
}