{
  "steps": 10,
  "total_particles": 32000,
  "total_wall_s": 9.219710264,
  "total_comm_s": 0.48078332,
  "total_gravity_s": 8.577769056000001,
  "total_integration_s": 0.1594722709999985,
  "mean_step_wall_s": 0.9218024647,
  "mean_comm_s": 0.048078332,
  "mean_gravity_s": 0.8577769056000001,
  "comm_fraction": 0.05215687074089899,
  "gravity_fraction": 0.930543081026761,
  "hpc": {
    "mean_tree_build_s": 0.006995523000000001,
    "mean_let_export_s": 0.0013981294,
    "mean_let_pack_s": 0.0002430792,
    "mean_aabb_allgather_s": 0.0197928277,
    "mean_let_alltoallv_s": 0.5721313197000001,
    "mean_walk_local_s": 0.5443495089000001,
    "mean_apply_let_s": 0.3048005543,
    "mean_let_nodes_exported": 25044.3,
    "mean_let_nodes_imported": 31942.8,
    "mean_bytes_sent": 3606379.2,
    "mean_bytes_recv": 4599763.2,
    "wait_fraction": 0.03013857291978664,
    "mean_let_tree_build_s": 0.0029988574,
    "mean_let_tree_walk_s": 0.3017918077,
    "mean_let_tree_nodes": 14242.0,
    "let_tree_parallel": false,
    "mean_max_let_nodes_per_rank": 25044.3,
    "mean_local_tree_nodes": 125234.0,
    "mean_export_prune_ratio": 0.19998003737004327,
    "mean_domain_rebalance_s": 0.00010846799999999999,
    "mean_domain_migration_s": 0.0003952255,
    "mean_local_particle_count": 15998.4,
    "particle_imbalance_ratio": 1.0028428303068253,
    "sfc_kind": "morton"
  }
}