{
  "steps": 10,
  "total_particles": 16000,
  "total_wall_s": 2.080304006,
  "total_comm_s": 0.087191159,
  "total_gravity_s": 1.912779942,
  "total_integration_s": 0.06782648600000019,
  "mean_step_wall_s": 0.20677975870000004,
  "mean_comm_s": 0.008719115900000001,
  "mean_gravity_s": 0.1912779942,
  "comm_fraction": 0.04216619631832465,
  "gravity_fraction": 0.925032485783629,
  "hpc": {
    "mean_tree_build_s": 0.0016816676000000002,
    "mean_let_export_s": 0.0009584309000000001,
    "mean_let_pack_s": 0.00033744030000000004,
    "mean_aabb_allgather_s": 0.0011699853000000002,
    "mean_let_alltoallv_s": 0.0635056385,
    "mean_walk_local_s": 0.0565913106,
    "mean_apply_let_s": 0.13172728920000001,
    "mean_let_nodes_exported": 28026.6,
    "mean_let_nodes_imported": 27996.2,
    "mean_bytes_sent": 4035830.4,
    "mean_bytes_recv": 4031452.8,
    "wait_fraction": 0.03343812732672465,
    "mean_let_tree_build_s": 0.0056858259,
    "mean_let_tree_walk_s": 0.12602331890000001,
    "mean_let_tree_nodes": 11693.6,
    "let_tree_parallel": false,
    "mean_max_let_nodes_per_rank": 4003.8,
    "mean_local_tree_nodes": 17189.2,
    "mean_export_prune_ratio": 0.23292532520419798,
    "mean_domain_rebalance_s": 0.0002655452,
    "mean_domain_migration_s": 0.0003692575,
    "mean_local_particle_count": 2001.9,
    "particle_imbalance_ratio": 1.0741057127602776,
    "sfc_kind": "hilbert"
  }
}