{
  "steps": 10,
  "total_particles": 8000,
  "total_wall_s": 0.893664578,
  "total_comm_s": 0.088321127,
  "total_gravity_s": 0.7461236320000001,
  "total_integration_s": 0.058644518999999895,
  "mean_step_wall_s": 0.08930892780000001,
  "mean_comm_s": 0.0088321127,
  "mean_gravity_s": 0.0746123632,
  "comm_fraction": 0.09889395066727023,
  "gravity_fraction": 0.8354412603305266,
  "hpc": {
    "mean_tree_build_s": 0.0009594100000000002,
    "mean_let_export_s": 0.0003959697,
    "mean_let_pack_s": 0.00017799420000000002,
    "mean_aabb_allgather_s": 0.0053010809,
    "mean_let_alltoallv_s": 0.028712135300000004,
    "mean_walk_local_s": 0.0253238368,
    "mean_apply_let_s": 0.047759131100000005,
    "mean_let_nodes_exported": 11166.0,
    "mean_let_nodes_imported": 10966.3,
    "mean_bytes_sent": 1607904.0,
    "mean_bytes_recv": 1579147.2,
    "wait_fraction": 0.037939079367158186,
    "mean_let_tree_build_s": 0.0011895154,
    "mean_let_tree_walk_s": 0.0465656371,
    "mean_let_tree_nodes": 2585.9,
    "let_tree_parallel": true,
    "mean_max_let_nodes_per_rank": 4070.3,
    "mean_local_tree_nodes": 18198.8,
    "mean_export_prune_ratio": 0.2045189792733587,
    "mean_domain_rebalance_s": 0.0000439646,
    "mean_domain_migration_s": 0.00009876870000000001,
    "mean_local_particle_count": 2143.5,
    "particle_imbalance_ratio": 5.589460784313726,
    "sfc_kind": "morton",
    "mean_apply_leaf_s": 0.0,
    "mean_apply_leaf_rmn_count": 3715991.1,
    "mean_apply_leaf_calls": 575822.5,
    "mean_rmn_soa_pack_s": 0.0,
    "mean_accel_from_let_soa_s": 0.0,
    "soa_simd_active": true
  }
}