{
  "steps": 10,
  "total_particles": 8000,
  "total_wall_s": 2.438543151,
  "total_comm_s": 0.060761609,
  "total_gravity_s": 2.3567667660000002,
  "total_integration_s": 0.01996021300000006,
  "mean_step_wall_s": 0.24374885880000002,
  "mean_comm_s": 0.0060761609000000005,
  "mean_gravity_s": 0.23567667660000002,
  "comm_fraction": 0.024927956298599906,
  "gravity_fraction": 0.9668832000291605,
  "hpc": {
    "mean_tree_build_s": 0.0011695465,
    "mean_let_export_s": 0.00026865870000000004,
    "mean_let_pack_s": 0.00005509590000000001,
    "mean_aabb_allgather_s": 0.0020730834,
    "mean_let_alltoallv_s": 0.0967691031,
    "mean_walk_local_s": 0.09327433450000001,
    "mean_apply_let_s": 0.14091417820000002,
    "mean_let_nodes_exported": 7916.0,
    "mean_let_nodes_imported": 8084.0,
    "mean_bytes_sent": 1139904.0,
    "mean_bytes_recv": 1164096.0,
    "wait_fraction": 0.014337579331468854,
    "mean_let_tree_build_s": 0.000693185,
    "mean_let_tree_walk_s": 0.14021585600000003,
    "mean_let_tree_nodes": 3385.9,
    "let_tree_parallel": false,
    "mean_max_let_nodes_per_rank": 7916.0,
    "mean_local_tree_nodes": 33014.8,
    "mean_export_prune_ratio": 0.23977125410421993,
    "mean_domain_rebalance_s": 0.00008886660000000001,
    "mean_domain_migration_s": 0.0004194423,
    "mean_local_particle_count": 3958.0,
    "particle_imbalance_ratio": 1.0385405960945528,
    "sfc_kind": "hilbert"
  }
}