{
  "steps": 10,
  "total_particles": 8000,
  "total_wall_s": 0.723615652,
  "total_comm_s": 0.07875362000000001,
  "total_gravity_s": 0.5964360590000001,
  "total_integration_s": 0.04784733799999996,
  "mean_step_wall_s": 0.0723037017,
  "mean_comm_s": 0.007875362,
  "mean_gravity_s": 0.05964360590000001,
  "comm_fraction": 0.10892059209743062,
  "gravity_fraction": 0.8249039053003285,
  "hpc": {
    "mean_tree_build_s": 0.0009635775000000001,
    "mean_let_export_s": 0.0004031977,
    "mean_let_pack_s": 0.0001745231,
    "mean_aabb_allgather_s": 0.0041220745000000005,
    "mean_let_alltoallv_s": 0.0288904162,
    "mean_walk_local_s": 0.025280487600000002,
    "mean_apply_let_s": 0.032826630600000004,
    "mean_let_nodes_exported": 11166.0,
    "mean_let_nodes_imported": 10966.4,
    "mean_bytes_sent": 1607904.0,
    "mean_bytes_recv": 1579161.6,
    "wait_fraction": 0.04992729991858771,
    "mean_let_tree_build_s": 0.0013640543,
    "mean_let_tree_walk_s": 0.0314577657,
    "mean_let_tree_nodes": 4134.5,
    "let_tree_parallel": true,
    "mean_max_let_nodes_per_rank": 4070.3,
    "mean_local_tree_nodes": 18199.6,
    "mean_export_prune_ratio": 0.20450998923053254,
    "mean_domain_rebalance_s": 0.0000443993,
    "mean_domain_migration_s": 0.00009895960000000001,
    "mean_local_particle_count": 2143.5,
    "particle_imbalance_ratio": 5.589460784313726,
    "sfc_kind": "morton",
    "mean_apply_leaf_s": 0.0,
    "mean_apply_leaf_rmn_count": 1981355.4,
    "mean_apply_leaf_calls": 514506.4,
    "mean_rmn_soa_pack_s": 0.0,
    "mean_accel_from_let_soa_s": 0.0,
    "soa_simd_active": true
  }
}