{
  "steps": 10,
  "total_particles": 8000,
  "total_wall_s": 1.245757346,
  "total_comm_s": 0.073254997,
  "total_gravity_s": 1.146837939,
  "total_integration_s": 0.024934875999999884,
  "mean_step_wall_s": 0.1245027812,
  "mean_comm_s": 0.0073254997,
  "mean_gravity_s": 0.11468379390000001,
  "comm_fraction": 0.05883804063968975,
  "gravity_fraction": 0.9211343939038047,
  "hpc": {
    "mean_tree_build_s": 0.0006771099,
    "mean_let_export_s": 0.0002754532,
    "mean_let_pack_s": 0.0000524431,
    "mean_aabb_allgather_s": 0.0019731713000000002,
    "mean_let_alltoallv_s": 0.040641592500000004,
    "mean_walk_local_s": 0.0355701555,
    "mean_apply_let_s": 0.07811331690000001,
    "mean_let_nodes_exported": 11704.8,
    "mean_let_nodes_imported": 12098.4,
    "mean_bytes_sent": 1685491.2,
    "mean_bytes_recv": 1742169.6,
    "wait_fraction": 0.04073352379055128,
    "mean_let_tree_build_s": 0.0011412992,
    "mean_let_tree_walk_s": 0.076967333,
    "mean_let_tree_nodes": 4793.3,
    "let_tree_parallel": false,
    "mean_max_let_nodes_per_rank": 3901.6,
    "mean_local_tree_nodes": 16257.2,
    "mean_export_prune_ratio": 0.23999212656546023,
    "mean_domain_rebalance_s": 0.0000392287,
    "mean_domain_migration_s": 0.0002416627,
    "mean_local_particle_count": 1950.8,
    "particle_imbalance_ratio": 1.0980213903743317,
    "sfc_kind": "hilbert"
  }
}