{
  "steps": 10,
  "total_particles": 8000,
  "total_wall_s": 1.285513363,
  "total_comm_s": 0.047858201,
  "total_gravity_s": 1.196975525,
  "total_integration_s": 0.040102644000000076,
  "mean_step_wall_s": 0.128493637,
  "mean_comm_s": 0.0047858201,
  "mean_gravity_s": 0.1196975525,
  "comm_fraction": 0.03724558049516491,
  "gravity_fraction": 0.9315445908033563,
  "hpc": {
    "mean_tree_build_s": 0.0011959235,
    "mean_let_export_s": 0.0002426112,
    "mean_let_pack_s": 0.0000574969,
    "mean_aabb_allgather_s": 0.0033502489000000004,
    "mean_let_alltoallv_s": 0.0647852163,
    "mean_walk_local_s": 0.06345211660000001,
    "mean_apply_let_s": 0.05475391040000001,
    "mean_let_nodes_exported": 6827.4,
    "mean_let_nodes_imported": 7980.7,
    "mean_bytes_sent": 983145.6,
    "mean_bytes_recv": 1149220.8,
    "wait_fraction": 0.010374830467286097,
    "mean_let_tree_build_s": 0.0006700190000000001,
    "mean_let_tree_walk_s": 0.054079385300000005,
    "mean_let_tree_nodes": 1914.4,
    "let_tree_parallel": true,
    "mean_max_let_nodes_per_rank": 6827.4,
    "mean_local_tree_nodes": 33196.4,
    "mean_export_prune_ratio": 0.20566687954115506,
    "mean_domain_rebalance_s": 0.0000246088,
    "mean_domain_migration_s": 0.0000778627,
    "mean_local_particle_count": 4005.4,
    "particle_imbalance_ratio": 1.0092098641167588,
    "sfc_kind": "morton",
    "mean_apply_leaf_s": 0.0,
    "mean_apply_leaf_rmn_count": 4207503.2,
    "mean_apply_leaf_calls": 709366.2,
    "mean_rmn_soa_pack_s": 0.0,
    "mean_accel_from_let_soa_s": 0.0,
    "soa_simd_active": true
  }
}