{
  "steps": 10,
  "total_particles": 16000,
  "total_wall_s": 2.714818866,
  "total_comm_s": 0.11499624400000001,
  "total_gravity_s": 2.5583981500000004,
  "total_integration_s": 0.04048223399999973,
  "mean_step_wall_s": 0.2713876628,
  "mean_comm_s": 0.011499624400000002,
  "mean_gravity_s": 0.255839815,
  "comm_fraction": 0.04237342361607162,
  "gravity_fraction": 0.9427098209270552,
  "hpc": {
    "mean_tree_build_s": 0.0031320690000000003,
    "mean_let_export_s": 0.0004828975,
    "mean_let_pack_s": 0.000073385,
    "mean_aabb_allgather_s": 0.0036253468000000005,
    "mean_let_alltoallv_s": 0.1603837967,
    "mean_walk_local_s": 0.1527244127,
    "mean_apply_let_s": 0.09943535360000001,
    "mean_let_nodes_exported": 12949.3,
    "mean_let_nodes_imported": 15999.7,
    "mean_bytes_sent": 1864699.2,
    "mean_bytes_recv": 2303956.8,
    "wait_fraction": 0.028223036821112272,
    "mean_let_tree_build_s": 0.0016125966000000002,
    "mean_let_tree_walk_s": 0.0978144542,
    "mean_let_tree_nodes": 6627.4,
    "let_tree_parallel": true,
    "mean_max_let_nodes_per_rank": 12949.3,
    "mean_local_tree_nodes": 64730.8,
    "mean_export_prune_ratio": 0.20004850859250928,
    "mean_domain_rebalance_s": 0.0000484428,
    "mean_domain_migration_s": 0.0001664508,
    "mean_local_particle_count": 7990.5,
    "particle_imbalance_ratio": 1.0036967418546365,
    "sfc_kind": "morton",
    "mean_apply_leaf_s": 0.0,
    "mean_apply_leaf_rmn_count": 4984593.7,
    "mean_apply_leaf_calls": 1233517.1,
    "mean_rmn_soa_pack_s": 0.0,
    "mean_accel_from_let_soa_s": 0.0,
    "soa_simd_active": true
  }
}