{
  "steps": 10,
  "total_particles": 32000,
  "total_wall_s": 7.110267654,
  "total_comm_s": 0.189676966,
  "total_gravity_s": 6.837002649,
  "total_integration_s": 0.08189331899999974,
  "mean_step_wall_s": 0.7108572934,
  "mean_comm_s": 0.0189676966,
  "mean_gravity_s": 0.6837002649,
  "comm_fraction": 0.02668284728328286,
  "gravity_fraction": 0.9617967927569413,
  "hpc": {
    "mean_tree_build_s": 0.006580611,
    "mean_let_export_s": 0.0033031734,
    "mean_let_pack_s": 0.0006668188000000001,
    "mean_aabb_allgather_s": 0.0056531260000000005,
    "mean_let_alltoallv_s": 0.2505562292,
    "mean_walk_local_s": 0.2383886066,
    "mean_apply_let_s": 0.4347727583,
    "mean_let_nodes_exported": 48339.0,
    "mean_let_nodes_imported": 47887.0,
    "mean_bytes_sent": 6960816.0,
    "mean_bytes_recv": 6895728.0,
    "wait_fraction": 0.017116828810748753,
    "mean_let_tree_build_s": 0.005865752,
    "mean_let_tree_walk_s": 0.4288953031,
    "mean_let_tree_nodes": 20939.9,
    "let_tree_parallel": false,
    "mean_max_let_nodes_per_rank": 16113.0,
    "mean_local_tree_nodes": 64216.4,
    "mean_export_prune_ratio": 0.2509172111796986,
    "mean_domain_rebalance_s": 0.0001796861,
    "mean_domain_migration_s": 0.0009672619000000001,
    "mean_local_particle_count": 8056.5,
    "particle_imbalance_ratio": 1.042353697749196,
    "sfc_kind": "hilbert"
  }
}