rank,total_wall_s,mean_step_ms,gravity_frac,comm_frac,speedup,efficiency,serial_frac
1,0.636326,12.7181,0.998714,0.000937,1.0,100.0,0.0
2,0.315785,6.2493,0.986548,0.013158,2.0150608800291336,100.75304400145669,-0.0074741563286742085
4,0.178763,3.4588,0.956619,0.043047,3.5596068537672783,88.99017134418196,0.04123986761502755
