rank,total_wall_s,mean_step_ms,gravity_frac,comm_frac
1,0.636326,12.7181,0.998714,0.000937
2,0.315785,6.2493,0.986548,0.013158
4,0.178763,3.4588,0.956619,0.043047
