{
  "steps": 10,
  "total_particles": 16000,
  "total_wall_s": 2.685491876,
  "total_comm_s": 0.11425136100000001,
  "total_gravity_s": 2.531770627,
  "total_integration_s": 0.038687878000000175,
  "mean_step_wall_s": 0.2684709866,
  "mean_comm_s": 0.0114251361,
  "mean_gravity_s": 0.2531770627,
  "comm_fraction": 0.04255631584139304,
  "gravity_fraction": 0.9430332338935875,
  "hpc": {
    "mean_tree_build_s": 0.0022406159000000004,
    "mean_let_export_s": 0.000422055,
    "mean_let_pack_s": 0.0000659635,
    "mean_aabb_allgather_s": 0.0035683109000000006,
    "mean_let_alltoallv_s": 0.15896537260000002,
    "mean_walk_local_s": 0.15129425310000003,
    "mean_apply_let_s": 0.09915911940000001,
    "mean_let_nodes_exported": 12949.3,
    "mean_let_nodes_imported": 15999.7,
    "mean_bytes_sent": 1864699.2,
    "mean_bytes_recv": 2303956.8,
    "wait_fraction": 0.028573365029679523,
    "mean_let_tree_build_s": 0.0015445563,
    "mean_let_tree_walk_s": 0.0976096189,
    "mean_let_tree_nodes": 6627.4,
    "let_tree_parallel": true,
    "mean_max_let_nodes_per_rank": 12949.3,
    "mean_local_tree_nodes": 64730.8,
    "mean_export_prune_ratio": 0.20004850859250928,
    "mean_domain_rebalance_s": 0.0000477766,
    "mean_domain_migration_s": 0.00013792910000000002,
    "mean_local_particle_count": 7990.5,
    "particle_imbalance_ratio": 1.0036967418546365,
    "sfc_kind": "morton",
    "mean_apply_leaf_s": 0.0,
    "mean_apply_leaf_rmn_count": 4984593.7,
    "mean_apply_leaf_calls": 1233517.1,
    "mean_rmn_soa_pack_s": 0.0,
    "mean_accel_from_let_soa_s": 0.0,
    "soa_simd_active": true
  }
}