{
  "steps": 10,
  "total_particles": 16000,
  "total_wall_s": 3.002646949,
  "total_comm_s": 0.104417518,
  "total_gravity_s": 2.837306272,
  "total_integration_s": 0.05988332300000021,
  "mean_step_wall_s": 0.30016071130000005,
  "mean_comm_s": 0.0104417518,
  "mean_gravity_s": 0.28373062720000003,
  "comm_fraction": 0.034787203677578704,
  "gravity_fraction": 0.9452623761822755,
  "hpc": {
    "mean_tree_build_s": 0.0024315606,
    "mean_let_export_s": 0.0007054771000000001,
    "mean_let_pack_s": 0.0002774973,
    "mean_aabb_allgather_s": 0.0042051856,
    "mean_let_alltoallv_s": 0.1025387517,
    "mean_walk_local_s": 0.09686745430000002,
    "mean_apply_let_s": 0.18345684980000002,
    "mean_let_nodes_exported": 23916.0,
    "mean_let_nodes_imported": 24028.0,
    "mean_bytes_sent": 3443904.0,
    "mean_bytes_recv": 3460032.0,
    "wait_fraction": 0.018894202960265973,
    "mean_let_tree_build_s": 0.0024616139000000004,
    "mean_let_tree_walk_s": 0.18098702400000002,
    "mean_let_tree_nodes": 9715.5,
    "let_tree_parallel": false,
    "mean_max_let_nodes_per_rank": 7972.0,
    "mean_local_tree_nodes": 33779.6,
    "mean_export_prune_ratio": 0.2360004262927921,
    "mean_domain_rebalance_s": 0.00008638020000000001,
    "mean_domain_migration_s": 0.0004788886,
    "mean_local_particle_count": 3986.0,
    "particle_imbalance_ratio": 1.0656747585486819,
    "sfc_kind": "hilbert"
  }
}