{
  "input_file": "/home/cristian/repos/propios/gadget-ng/target/phase35/rn_by_seed.json",
  "table": [
    {
      "n": 8,
      "r_mean": 0.4153817740727652,
      "cv": 0.22924244152313636,
      "r_list": [
        0.4776326172388221,
        0.39986041620493773,
        0.26739384520093606,
        0.5166402176463648
      ]
    },
    {
      "n": 16,
      "r_mean": 0.1396286436659387,
      "cv": 0.10031769205289692,
      "r_list": [
        0.15787249740947318,
        0.14806736508364068,
        0.1298072345301816,
        0.12276747764045921
      ]
    },
    {
      "n": 32,
      "r_mean": 0.03375237747522299,
      "cv": 0.03557120256979568,
      "r_list": [
        0.03491414416774049,
        0.032612052069497924,
        0.03498977727062605,
        0.03249353639302752
      ]
    },
    {
      "n": 64,
      "r_mean": 0.008834200231037058,
      "cv": 0.014400594522514526,
      "r_list": [
        0.008712992608794783,
        0.009048079190188747,
        0.008785874127907723,
        0.008789854997256976
      ]
    }
  ],
  "model_a": {
    "formula": "R(N) = C * N^(-alpha)",
    "c": 22.10819193294712,
    "alpha": 1.8714117616564787,
    "r_squared": 0.9971524995517269,
    "rms_log10_residual": 0.0336577626057903,
    "aic": -23.132092502759562
  },
  "model_b": {
    "formula": "R(N) = C * N^(-alpha) + R_inf",
    "c": 10.06721093755271,
    "alpha": 1.5179951623018473,
    "r_inf": -0.012778723953478423,
    "rms_log10_residual": 0.10973910872412997,
    "aic": -11.67719575271164,
    "source": "scipy_curve_fit"
  },
  "selection": {
    "winner": "A",
    "reason": "B no mejora AIC lo suficiente; gana Modelo A (Occam)"
  }
}