{
  "steps": 10,
  "total_particles": 8000,
  "total_wall_s": 1.694554541,
  "total_comm_s": 0.06172732,
  "total_gravity_s": 1.58358778,
  "total_integration_s": 0.04859010800000019,
  "mean_step_wall_s": 0.1693905208,
  "mean_comm_s": 0.006172732,
  "mean_gravity_s": 0.158358778,
  "comm_fraction": 0.03644083488761551,
  "gravity_fraction": 0.93487390706458,
  "hpc": {
    "mean_tree_build_s": 0.0011247569,
    "mean_let_export_s": 0.0002459691,
    "mean_let_pack_s": 0.00005850110000000001,
    "mean_aabb_allgather_s": 0.004560494900000001,
    "mean_let_alltoallv_s": 0.09282456250000001,
    "mean_walk_local_s": 0.0913321767,
    "mean_apply_let_s": 0.0656016473,
    "mean_let_nodes_exported": 6827.4,
    "mean_let_nodes_imported": 7980.7,
    "mean_bytes_sent": 983145.6,
    "mean_bytes_recv": 1149220.8,
    "wait_fraction": 0.008810326533927276,
    "mean_let_tree_build_s": 0.0007054443,
    "mean_let_tree_walk_s": 0.0648919299,
    "mean_let_tree_nodes": 3046.6,
    "let_tree_parallel": false,
    "mean_max_let_nodes_per_rank": 6827.4,
    "mean_local_tree_nodes": 33197.2,
    "mean_export_prune_ratio": 0.2056619232947357,
    "mean_domain_rebalance_s": 0.0000239615,
    "mean_domain_migration_s": 0.0000958898,
    "mean_local_particle_count": 4005.4,
    "particle_imbalance_ratio": 1.0092098641167588,
    "sfc_kind": "morton"
  }
}