{
  "steps": 10,
  "total_particles": 16000,
  "total_wall_s": 5.273730087,
  "total_comm_s": 0.177896529,
  "total_gravity_s": 4.990820536,
  "total_integration_s": 0.10422542800000034,
  "mean_step_wall_s": 0.5272942493,
  "mean_comm_s": 0.0177896529,
  "mean_gravity_s": 0.4990820536,
  "comm_fraction": 0.03373761978936112,
  "gravity_fraction": 0.9464962954982865,
  "hpc": {
    "mean_tree_build_s": 0.0025842994,
    "mean_let_export_s": 0.00041931570000000004,
    "mean_let_pack_s": 0.0000667257,
    "mean_aabb_allgather_s": 0.0105649645,
    "mean_let_alltoallv_s": 0.1589042682,
    "mean_walk_local_s": 0.1518748289,
    "mean_apply_let_s": 0.3441404964,
    "mean_let_nodes_exported": 12949.5,
    "mean_let_nodes_imported": 15999.5,
    "mean_bytes_sent": 1864728.0,
    "mean_bytes_recv": 2303928.0,
    "wait_fraction": 0.013331151078040025,
    "mean_let_tree_build_s": 0.0010744004000000002,
    "mean_let_tree_walk_s": 0.3430624835,
    "mean_let_tree_nodes": 978.5,
    "let_tree_parallel": true,
    "mean_max_let_nodes_per_rank": 12949.5,
    "mean_local_tree_nodes": 64730.8,
    "mean_export_prune_ratio": 0.20005159831177738,
    "mean_domain_rebalance_s": 0.000049049300000000005,
    "mean_domain_migration_s": 0.00014619980000000002,
    "mean_local_particle_count": 7990.6,
    "particle_imbalance_ratio": 1.0036842105263157,
    "sfc_kind": "morton",
    "mean_apply_leaf_s": 0.0,
    "mean_apply_leaf_rmn_count": 32178020.3,
    "mean_apply_leaf_calls": 1601501.0,
    "mean_rmn_soa_pack_s": 0.0,
    "mean_accel_from_let_soa_s": 0.0,
    "soa_simd_active": true
  }
}