{
  "steps": 10,
  "total_particles": 8000,
  "total_wall_s": 1.088932145,
  "total_comm_s": 0.037702608000000006,
  "total_gravity_s": 1.0244428300000001,
  "total_integration_s": 0.02636668699999989,
  "mean_step_wall_s": 0.1088512125,
  "mean_comm_s": 0.0037702608000000004,
  "mean_gravity_s": 0.10244428300000001,
  "comm_fraction": 0.034636828689436974,
  "gravity_fraction": 0.941140485688205,
  "hpc": {
    "mean_tree_build_s": 0.0009976818,
    "mean_let_export_s": 0.00022995480000000002,
    "mean_let_pack_s": 0.000053518200000000005,
    "mean_aabb_allgather_s": 0.0024094341000000003,
    "mean_let_alltoallv_s": 0.0643040147,
    "mean_walk_local_s": 0.0630325369,
    "mean_apply_let_s": 0.038133835500000005,
    "mean_let_nodes_exported": 6827.4,
    "mean_let_nodes_imported": 7980.7,
    "mean_bytes_sent": 983145.6,
    "mean_bytes_recv": 1149220.8,
    "wait_fraction": 0.011680878612169801,
    "mean_let_tree_build_s": 0.0007099041000000001,
    "mean_let_tree_walk_s": 0.037420687200000004,
    "mean_let_tree_nodes": 3046.6,
    "let_tree_parallel": true,
    "mean_max_let_nodes_per_rank": 6827.4,
    "mean_local_tree_nodes": 33197.2,
    "mean_export_prune_ratio": 0.2056619232947357,
    "mean_domain_rebalance_s": 0.0000239925,
    "mean_domain_migration_s": 0.0000653564,
    "mean_local_particle_count": 4005.4,
    "particle_imbalance_ratio": 1.0092098641167588,
    "sfc_kind": "morton",
    "mean_apply_leaf_s": 0.0,
    "mean_apply_leaf_rmn_count": 2307550.3,
    "mean_apply_leaf_calls": 629856.3,
    "mean_rmn_soa_pack_s": 0.0,
    "mean_accel_from_let_soa_s": 0.0,
    "soa_simd_active": true
  }
}