{
  "steps": 10,
  "total_particles": 8000,
  "total_wall_s": 0.815028336,
  "total_comm_s": 0.034654741,
  "total_gravity_s": 0.768976238,
  "total_integration_s": 0.010665680999999982,
  "mean_step_wall_s": 0.081429666,
  "mean_comm_s": 0.0034654741,
  "mean_gravity_s": 0.07689762380000001,
  "comm_fraction": 0.0425578817921223,
  "gravity_fraction": 0.9443440895361158,
  "hpc": {
    "mean_tree_build_s": 0.0006932087000000001,
    "mean_let_export_s": 0.00047149850000000005,
    "mean_let_pack_s": 0.0003740273,
    "mean_aabb_allgather_s": 0.0003914936,
    "mean_let_alltoallv_s": 0.022869953300000002,
    "mean_walk_local_s": 0.0201167854,
    "mean_apply_let_s": 0.055247388900000007,
    "mean_let_nodes_exported": 14000.0,
    "mean_let_nodes_imported": 14000.0,
    "mean_bytes_sent": 2016000.0,
    "mean_bytes_recv": 2016000.0,
    "wait_fraction": 0.033810379376970554,
    "mean_let_tree_build_s": 0.0024424517000000002,
    "mean_let_tree_walk_s": 0.052799652200000005,
    "mean_let_tree_nodes": 5384.1,
    "let_tree_parallel": false,
    "mean_max_let_nodes_per_rank": 2000.0,
    "mean_local_tree_nodes": 8444.4,
    "mean_export_prune_ratio": 0.23684335180711477,
    "mean_domain_rebalance_s": 0.0001256277,
    "mean_domain_migration_s": 0.0001951849,
    "mean_local_particle_count": 1000.0,
    "particle_imbalance_ratio": 1.0,
    "sfc_kind": "hilbert"
  }
}