{
  "steps": 10,
  "total_particles": 8000,
  "total_wall_s": 1.256911916,
  "total_comm_s": 0.084595669,
  "total_gravity_s": 1.1171688080000002,
  "total_integration_s": 0.054675220999999885,
  "mean_step_wall_s": 0.1256439698,
  "mean_comm_s": 0.0084595669,
  "mean_gravity_s": 0.11171688080000002,
  "comm_fraction": 0.06732966901209769,
  "gravity_fraction": 0.8891543380699518,
  "hpc": {
    "mean_tree_build_s": 0.0008153451000000001,
    "mean_let_export_s": 0.00037989530000000004,
    "mean_let_pack_s": 0.00017629070000000003,
    "mean_aabb_allgather_s": 0.0060534749,
    "mean_let_alltoallv_s": 0.028242591,
    "mean_walk_local_s": 0.025967833900000004,
    "mean_apply_let_s": 0.08438145090000002,
    "mean_let_nodes_exported": 11876.5,
    "mean_let_nodes_imported": 11246.8,
    "mean_bytes_sent": 1710216.0,
    "mean_bytes_recv": 1619539.2,
    "wait_fraction": 0.018104785320146737,
    "mean_let_tree_build_s": 0.0010435402,
    "mean_let_tree_walk_s": 0.08333397560000001,
    "mean_let_tree_nodes": 1342.2,
    "let_tree_parallel": true,
    "mean_max_let_nodes_per_rank": 4235.2,
    "mean_local_tree_nodes": 18836.4,
    "mean_export_prune_ratio": 0.21016931756245,
    "mean_domain_rebalance_s": 0.000049233399999999995,
    "mean_domain_migration_s": 0.0000821015,
    "mean_local_particle_count": 2174.2,
    "particle_imbalance_ratio": 4.399402390438247,
    "sfc_kind": "morton",
    "mean_apply_leaf_s": 0.0,
    "mean_apply_leaf_rmn_count": 7597335.8,
    "mean_apply_leaf_calls": 628938.1,
    "mean_rmn_soa_pack_s": 0.0,
    "mean_accel_from_let_soa_s": 0.0,
    "soa_simd_active": true
  }
}