{
  "steps": 10,
  "total_particles": 16000,
  "total_wall_s": 2.688112753,
  "total_comm_s": 0.288714691,
  "total_gravity_s": 2.157279929,
  "total_integration_s": 0.24139500800000002,
  "mean_step_wall_s": 0.2687389628,
  "mean_comm_s": 0.0288714691,
  "mean_gravity_s": 0.2157279929,
  "comm_fraction": 0.10743313436647677,
  "gravity_fraction": 0.8027417783127649,
  "hpc": {
    "mean_tree_build_s": 0.0020651186,
    "mean_let_export_s": 0.0007102044,
    "mean_let_pack_s": 0.0003700067,
    "mean_aabb_allgather_s": 0.0230750142,
    "mean_let_alltoallv_s": 0.0750057679,
    "mean_walk_local_s": 0.06943912630000001,
    "mean_apply_let_s": 0.1431491662,
    "mean_let_nodes_exported": 20637.8,
    "mean_let_nodes_imported": 19054.4,
    "mean_bytes_sent": 2971843.2,
    "mean_bytes_recv": 2743833.6,
    "wait_fraction": 0.02071393571665597,
    "mean_let_tree_build_s": 0.0018521175,
    "mean_let_tree_walk_s": 0.1412914194,
    "mean_let_tree_nodes": 2512.5,
    "let_tree_parallel": true,
    "mean_max_let_nodes_per_rank": 7632.9,
    "mean_local_tree_nodes": 37010.8,
    "mean_export_prune_ratio": 0.18587187163386543,
    "mean_domain_rebalance_s": 0.0000667009,
    "mean_domain_migration_s": 0.0001631124,
    "mean_local_particle_count": 4537.3,
    "particle_imbalance_ratio": 4.538499025341131,
    "sfc_kind": "morton",
    "mean_apply_leaf_s": 0.0,
    "mean_apply_leaf_rmn_count": 12229843.1,
    "mean_apply_leaf_calls": 1057331.2,
    "mean_rmn_soa_pack_s": 0.0,
    "mean_accel_from_let_soa_s": 0.0,
    "soa_simd_active": true
  }
}