{
  "steps": 10,
  "total_particles": 16000,
  "total_wall_s": 2.662492105,
  "total_comm_s": 0.338501753,
  "total_gravity_s": 2.074279976,
  "total_integration_s": 0.2488781539999998,
  "mean_step_wall_s": 0.2661659883,
  "mean_comm_s": 0.0338501753,
  "mean_gravity_s": 0.20742799760000002,
  "comm_fraction": 0.12717693765533603,
  "gravity_fraction": 0.7793181951038934,
  "hpc": {
    "mean_tree_build_s": 0.0020576324,
    "mean_let_export_s": 0.0006550563000000001,
    "mean_let_pack_s": 0.00010878370000000001,
    "mean_aabb_allgather_s": 0.025011764800000003,
    "mean_let_alltoallv_s": 0.1125089641,
    "mean_walk_local_s": 0.10392054510000001,
    "mean_apply_let_s": 0.1006926897,
    "mean_let_nodes_exported": 20638.5,
    "mean_let_nodes_imported": 19054.3,
    "mean_bytes_sent": 2971944.0,
    "mean_bytes_recv": 2743819.2,
    "wait_fraction": 0.03226715424782168,
    "mean_let_tree_build_s": 0.002055074,
    "mean_let_tree_walk_s": 0.0986309061,
    "mean_let_tree_nodes": 8135.0,
    "let_tree_parallel": false,
    "mean_max_let_nodes_per_rank": 7633.1,
    "mean_local_tree_nodes": 37017.2,
    "mean_export_prune_ratio": 0.18584603913856262,
    "mean_domain_rebalance_s": 0.0000673309,
    "mean_domain_migration_s": 0.0001826606,
    "mean_local_particle_count": 4537.4,
    "particle_imbalance_ratio": 4.538499025341131,
    "sfc_kind": "morton"
  }
}