{
  "steps": 10,
  "total_particles": 16000,
  "total_wall_s": 2.042741981,
  "total_comm_s": 0.237813199,
  "total_gravity_s": 1.610150959,
  "total_integration_s": 0.19403412900000006,
  "mean_step_wall_s": 0.20419982870000003,
  "mean_comm_s": 0.0237813199,
  "mean_gravity_s": 0.16101509590000002,
  "comm_fraction": 0.11646101787351792,
  "gravity_fraction": 0.7885172917385508,
  "hpc": {
    "mean_tree_build_s": 0.0021785162,
    "mean_let_export_s": 0.0007674594000000001,
    "mean_let_pack_s": 0.00044173950000000003,
    "mean_aabb_allgather_s": 0.0182016491,
    "mean_let_alltoallv_s": 0.07517420220000001,
    "mean_walk_local_s": 0.0698409245,
    "mean_apply_let_s": 0.0877936563,
    "mean_let_nodes_exported": 20638.4,
    "mean_let_nodes_imported": 19054.3,
    "mean_bytes_sent": 2971929.6,
    "mean_bytes_recv": 2743819.2,
    "wait_fraction": 0.026117934250745038,
    "mean_let_tree_build_s": 0.0020750614,
    "mean_let_tree_walk_s": 0.0857113949,
    "mean_let_tree_nodes": 3962.0,
    "let_tree_parallel": true,
    "mean_max_let_nodes_per_rank": 7633.1,
    "mean_local_tree_nodes": 37018.0,
    "mean_export_prune_ratio": 0.18584112233688116,
    "mean_domain_rebalance_s": 0.0000682058,
    "mean_domain_migration_s": 0.0001781873,
    "mean_local_particle_count": 4537.4,
    "particle_imbalance_ratio": 4.538499025341131,
    "sfc_kind": "morton",
    "mean_apply_leaf_s": 0.0,
    "mean_apply_leaf_rmn_count": 6377696.2,
    "mean_apply_leaf_calls": 977058.0,
    "mean_rmn_soa_pack_s": 0.0,
    "mean_accel_from_let_soa_s": 0.0,
    "soa_simd_active": true
  }
}