{
  "steps": 10,
  "total_particles": 32000,
  "total_wall_s": 5.951686487,
  "total_comm_s": 0.5754869610000001,
  "total_gravity_s": 4.912091593,
  "total_integration_s": 0.4627888310000001,
  "mean_step_wall_s": 0.5950367385,
  "mean_comm_s": 0.057548696100000005,
  "mean_gravity_s": 0.49120915930000003,
  "comm_fraction": 0.09671452597207995,
  "gravity_fraction": 0.8255106408022234,
  "hpc": {
    "mean_tree_build_s": 0.0053712567,
    "mean_let_export_s": 0.0026563106000000005,
    "mean_let_pack_s": 0.0008831955000000001,
    "mean_aabb_allgather_s": 0.039843720900000004,
    "mean_let_alltoallv_s": 0.2734655368,
    "mean_walk_local_s": 0.2563743572,
    "mean_apply_let_s": 0.2259445733,
    "mean_let_nodes_exported": 37182.9,
    "mean_let_nodes_imported": 36772.8,
    "mean_bytes_sent": 5354337.6,
    "mean_bytes_recv": 5295283.2,
    "wait_fraction": 0.02872289809043446,
    "mean_let_tree_build_s": 0.004665434600000001,
    "mean_let_tree_walk_s": 0.22125860470000003,
    "mean_let_tree_nodes": 16482.6,
    "let_tree_parallel": false,
    "mean_max_let_nodes_per_rank": 14187.5,
    "mean_local_tree_nodes": 71713.2,
    "mean_export_prune_ratio": 0.172831501034677,
    "mean_domain_rebalance_s": 0.00013588180000000002,
    "mean_domain_migration_s": 0.00047791380000000006,
    "mean_local_particle_count": 9046.8,
    "particle_imbalance_ratio": 4.284864104967197,
    "sfc_kind": "morton"
  }
}