{
  "steps": 10,
  "total_particles": 2000,
  "total_wall_s": 0.703683599,
  "total_comm_s": 0.007944696000000001,
  "total_gravity_s": 0.6946657980000001,
  "total_integration_s": 0.0006530160000000063,
  "mean_step_wall_s": 0.07032635100000001,
  "mean_comm_s": 0.0007944696000000001,
  "mean_gravity_s": 0.06946657980000001,
  "comm_fraction": 0.011296897801508285,
  "gravity_fraction": 0.9877745512489337,
  "treepm_hpc": {
    "mean_scatter_s": 0.0,
    "mean_gather_s": 0.0,
    "mean_pm_solve_s": 0.0,
    "mean_sr_halo_s": 0.0001109587,
    "mean_tree_sr_s": 0.0694438707,
    "mean_scatter_particles": 1174.8,
    "mean_scatter_bytes": 0.0,
    "mean_gather_bytes": 0.0,
    "pm_sync_fraction": 0.0,
    "mean_treepm_total_s": 0.0695548294,
    "path_active": "clone"
  }
}