{
  "steps": 10,
  "total_particles": 16000,
  "total_wall_s": 2.945994195,
  "total_comm_s": 0.11081566300000001,
  "total_gravity_s": 2.796405827,
  "total_integration_s": 0.037894662000000245,
  "mean_step_wall_s": 0.2945116152,
  "mean_comm_s": 0.011081566300000002,
  "mean_gravity_s": 0.27964058270000003,
  "comm_fraction": 0.037626924467731485,
  "gravity_fraction": 0.9495061256246168,
  "hpc": {
    "mean_tree_build_s": 0.002989106,
    "mean_let_export_s": 0.0004952748,
    "mean_let_pack_s": 0.0000825015,
    "mean_aabb_allgather_s": 0.0030879455000000005,
    "mean_let_alltoallv_s": 0.1600425734,
    "mean_walk_local_s": 0.1522600328,
    "mean_apply_let_s": 0.1238204504,
    "mean_let_nodes_exported": 12949.3,
    "mean_let_nodes_imported": 15999.7,
    "mean_bytes_sent": 1864699.2,
    "mean_bytes_recv": 2303956.8,
    "wait_fraction": 0.026425241648669617,
    "mean_let_tree_build_s": 0.0014036607000000002,
    "mean_let_tree_walk_s": 0.1224100069,
    "mean_let_tree_nodes": 3399.2,
    "let_tree_parallel": true,
    "mean_max_let_nodes_per_rank": 12949.3,
    "mean_local_tree_nodes": 64730.8,
    "mean_export_prune_ratio": 0.20004850859250928,
    "mean_domain_rebalance_s": 0.0000492004,
    "mean_domain_migration_s": 0.0001618798,
    "mean_local_particle_count": 7990.5,
    "particle_imbalance_ratio": 1.0036967418546365,
    "sfc_kind": "morton",
    "mean_apply_leaf_s": 0.0,
    "mean_apply_leaf_rmn_count": 9334412.8,
    "mean_apply_leaf_calls": 1400687.4,
    "mean_rmn_soa_pack_s": 0.0,
    "mean_accel_from_let_soa_s": 0.0,
    "soa_simd_active": true
  }
}