{
  "steps": 10,
  "total_particles": 8000,
  "total_wall_s": 0.787511768,
  "total_comm_s": 0.08513429,
  "total_gravity_s": 0.645391449,
  "total_integration_s": 0.05654136200000004,
  "mean_step_wall_s": 0.07870671010000001,
  "mean_comm_s": 0.008513429,
  "mean_gravity_s": 0.0645391449,
  "comm_fraction": 0.10816649545106573,
  "gravity_fraction": 0.8199954593198019,
  "hpc": {
    "mean_tree_build_s": 0.0007588510000000001,
    "mean_let_export_s": 0.00036596240000000003,
    "mean_let_pack_s": 0.00017108030000000002,
    "mean_aabb_allgather_s": 0.0052193673000000005,
    "mean_let_alltoallv_s": 0.028363908800000004,
    "mean_walk_local_s": 0.025186036300000002,
    "mean_apply_let_s": 0.0380605933,
    "mean_let_nodes_exported": 11166.0,
    "mean_let_nodes_imported": 10966.4,
    "mean_bytes_sent": 1607904.0,
    "mean_bytes_recv": 1579161.6,
    "wait_fraction": 0.040376131793113786,
    "mean_let_tree_build_s": 0.0012504292,
    "mean_let_tree_walk_s": 0.0368067857,
    "mean_let_tree_nodes": 4134.5,
    "let_tree_parallel": true,
    "mean_max_let_nodes_per_rank": 4070.3,
    "mean_local_tree_nodes": 18199.6,
    "mean_export_prune_ratio": 0.20450998923053254,
    "mean_domain_rebalance_s": 0.000042157300000000004,
    "mean_domain_migration_s": 0.0000740319,
    "mean_local_particle_count": 2143.5,
    "particle_imbalance_ratio": 5.589460784313726,
    "sfc_kind": "morton",
    "mean_apply_leaf_s": 0.0,
    "mean_apply_leaf_rmn_count": 1981355.4,
    "mean_apply_leaf_calls": 514506.4,
    "mean_rmn_soa_pack_s": 0.0,
    "mean_accel_from_let_soa_s": 0.0,
    "soa_simd_active": true
  }
}