threads,wall_s,speedup_vs_1
1,0.336531304,1.0
4,0.090951784,3.7001066850981172
