{
  "steps": 10,
  "total_particles": 8000,
  "total_wall_s": 1.092630127,
  "total_comm_s": 0.037430579000000005,
  "total_gravity_s": 1.028232529,
  "total_integration_s": 0.02644329699999992,
  "mean_step_wall_s": 0.1092106405,
  "mean_comm_s": 0.0037430579000000005,
  "mean_gravity_s": 0.10282325290000001,
  "comm_fraction": 0.034273747346074766,
  "gravity_fraction": 0.9415131385480704,
  "hpc": {
    "mean_tree_build_s": 0.0011145128,
    "mean_let_export_s": 0.00024119050000000002,
    "mean_let_pack_s": 0.0000501961,
    "mean_aabb_allgather_s": 0.002273733,
    "mean_let_alltoallv_s": 0.06442792850000001,
    "mean_walk_local_s": 0.0630561586,
    "mean_apply_let_s": 0.0383643459,
    "mean_let_nodes_exported": 6827.4,
    "mean_let_nodes_imported": 7980.7,
    "mean_bytes_sent": 983145.6,
    "mean_bytes_recv": 1149220.8,
    "wait_fraction": 0.012560771493689758,
    "mean_let_tree_build_s": 0.0007348948,
    "mean_let_tree_walk_s": 0.0376263001,
    "mean_let_tree_nodes": 3046.6,
    "let_tree_parallel": true,
    "mean_max_let_nodes_per_rank": 6827.4,
    "mean_local_tree_nodes": 33197.2,
    "mean_export_prune_ratio": 0.2056619232947357,
    "mean_domain_rebalance_s": 0.000024302000000000002,
    "mean_domain_migration_s": 0.000073253,
    "mean_local_particle_count": 4005.4,
    "particle_imbalance_ratio": 1.0092098641167588,
    "sfc_kind": "morton",
    "mean_apply_leaf_s": 0.0,
    "mean_apply_leaf_rmn_count": 2307550.3,
    "mean_apply_leaf_calls": 629856.3,
    "mean_rmn_soa_pack_s": 0.0,
    "mean_accel_from_let_soa_s": 0.0,
    "soa_simd_active": true
  }
}