{
  "steps": 10,
  "total_particles": 8000,
  "total_wall_s": 0.715013559,
  "total_comm_s": 0.076528093,
  "total_gravity_s": 0.5903653670000001,
  "total_integration_s": 0.04760654600000003,
  "mean_step_wall_s": 0.07145000060000001,
  "mean_comm_s": 0.0076528093000000005,
  "mean_gravity_s": 0.05903653670000001,
  "comm_fraction": 0.1071071971411572,
  "gravity_fraction": 0.8262636277710542,
  "hpc": {
    "mean_tree_build_s": 0.0007984829000000001,
    "mean_let_export_s": 0.00034052560000000004,
    "mean_let_pack_s": 0.0001579061,
    "mean_aabb_allgather_s": 0.004243175300000001,
    "mean_let_alltoallv_s": 0.0284866031,
    "mean_walk_local_s": 0.025204316100000002,
    "mean_apply_let_s": 0.0325390413,
    "mean_let_nodes_exported": 11166.0,
    "mean_let_nodes_imported": 10966.4,
    "mean_bytes_sent": 1607904.0,
    "mean_bytes_recv": 1579161.6,
    "wait_fraction": 0.045938236143275836,
    "mean_let_tree_build_s": 0.0012008104,
    "mean_let_tree_walk_s": 0.0313344956,
    "mean_let_tree_nodes": 4134.5,
    "let_tree_parallel": true,
    "mean_max_let_nodes_per_rank": 4070.3,
    "mean_local_tree_nodes": 18199.6,
    "mean_export_prune_ratio": 0.20450998923053254,
    "mean_domain_rebalance_s": 0.000043151,
    "mean_domain_migration_s": 0.000084196,
    "mean_local_particle_count": 2143.5,
    "particle_imbalance_ratio": 5.589460784313726,
    "sfc_kind": "morton",
    "mean_apply_leaf_s": 0.0,
    "mean_apply_leaf_rmn_count": 1981355.4,
    "mean_apply_leaf_calls": 514506.4,
    "mean_rmn_soa_pack_s": 0.0,
    "mean_accel_from_let_soa_s": 0.0,
    "soa_simd_active": true
  }
}