{
  "steps": 10,
  "total_particles": 32000,
  "total_wall_s": 6.101448679,
  "total_comm_s": 0.5626025840000001,
  "total_gravity_s": 5.1100000340000005,
  "total_integration_s": 0.42315111699999974,
  "mean_step_wall_s": 0.6095753735,
  "mean_comm_s": 0.056260258400000006,
  "mean_gravity_s": 0.5110000034000001,
  "comm_fraction": 0.09229417861317195,
  "gravity_fraction": 0.8382884637645225,
  "hpc": {
    "mean_tree_build_s": 0.0056309964,
    "mean_let_export_s": 0.005710362700000001,
    "mean_let_pack_s": 0.0008893968,
    "mean_aabb_allgather_s": 0.026412270100000003,
    "mean_let_alltoallv_s": 0.1801180368,
    "mean_walk_local_s": 0.1516264967,
    "mean_apply_let_s": 0.34718205970000005,
    "mean_let_nodes_exported": 56259.0,
    "mean_let_nodes_imported": 55963.0,
    "mean_bytes_sent": 8101296.0,
    "mean_bytes_recv": 8058672.0,
    "wait_fraction": 0.04673997890762888,
    "mean_let_tree_build_s": 0.014799356200000002,
    "mean_let_tree_walk_s": 0.3323433946,
    "mean_let_tree_nodes": 24570.8,
    "let_tree_parallel": false,
    "mean_max_let_nodes_per_rank": 8037.0,
    "mean_local_tree_nodes": 33118.0,
    "mean_export_prune_ratio": 0.24267769792861887,
    "mean_domain_rebalance_s": 0.0002900436,
    "mean_domain_migration_s": 0.0010664046,
    "mean_local_particle_count": 4018.5,
    "particle_imbalance_ratio": 1.04561902300336,
    "sfc_kind": "hilbert"
  }
}