{
  "steps": 10,
  "total_particles": 16000,
  "total_wall_s": 2.667637746,
  "total_comm_s": 0.324473179,
  "total_gravity_s": 2.081730448,
  "total_integration_s": 0.26061625,
  "mean_step_wall_s": 0.2666819877,
  "mean_comm_s": 0.0324473179,
  "mean_gravity_s": 0.2081730448,
  "comm_fraction": 0.12167045168607764,
  "gravity_fraction": 0.7806040692713796,
  "hpc": {
    "mean_tree_build_s": 0.0018880798,
    "mean_let_export_s": 0.0006482477,
    "mean_let_pack_s": 0.00010820060000000002,
    "mean_aabb_allgather_s": 0.0249233677,
    "mean_let_alltoallv_s": 0.11216211490000001,
    "mean_walk_local_s": 0.10488728440000002,
    "mean_apply_let_s": 0.10064756290000001,
    "mean_let_nodes_exported": 20638.5,
    "mean_let_nodes_imported": 19054.3,
    "mean_bytes_sent": 2971944.0,
    "mean_bytes_recv": 2743819.2,
    "wait_fraction": 0.027279047088038483,
    "mean_let_tree_build_s": 0.0020992458000000003,
    "mean_let_tree_walk_s": 0.0985419865,
    "mean_let_tree_nodes": 8135.0,
    "let_tree_parallel": false,
    "mean_max_let_nodes_per_rank": 7633.1,
    "mean_local_tree_nodes": 37017.2,
    "mean_export_prune_ratio": 0.18584603913856262,
    "mean_domain_rebalance_s": 0.0000658631,
    "mean_domain_migration_s": 0.0001832566,
    "mean_local_particle_count": 4537.4,
    "particle_imbalance_ratio": 4.538499025341131,
    "sfc_kind": "morton"
  }
}