{
  "steps": 10,
  "total_particles": 8000,
  "total_wall_s": 0.787285645,
  "total_comm_s": 0.08563034600000001,
  "total_gravity_s": 0.64454703,
  "total_integration_s": 0.05666072700000002,
  "mean_step_wall_s": 0.0786838103,
  "mean_comm_s": 0.008563034600000002,
  "mean_gravity_s": 0.064454703,
  "comm_fraction": 0.10882841803607979,
  "gravity_fraction": 0.8191609271875844,
  "hpc": {
    "mean_tree_build_s": 0.0007651981000000001,
    "mean_let_export_s": 0.00036173330000000004,
    "mean_let_pack_s": 0.0001656599,
    "mean_aabb_allgather_s": 0.0052686532,
    "mean_let_alltoallv_s": 0.028328260799999998,
    "mean_walk_local_s": 0.025152141700000002,
    "mean_apply_let_s": 0.038013597200000006,
    "mean_let_nodes_exported": 11166.0,
    "mean_let_nodes_imported": 10966.4,
    "mean_bytes_sent": 1607904.0,
    "mean_bytes_recv": 1579161.6,
    "wait_fraction": 0.04036559856329174,
    "mean_let_tree_build_s": 0.0012067771,
    "mean_let_tree_walk_s": 0.036803192900000004,
    "mean_let_tree_nodes": 4134.5,
    "let_tree_parallel": true,
    "mean_max_let_nodes_per_rank": 4070.3,
    "mean_local_tree_nodes": 18199.6,
    "mean_export_prune_ratio": 0.20450998923053254,
    "mean_domain_rebalance_s": 0.00004170440000000001,
    "mean_domain_migration_s": 0.0000765579,
    "mean_local_particle_count": 2143.5,
    "particle_imbalance_ratio": 5.589460784313726,
    "sfc_kind": "morton",
    "mean_apply_leaf_s": 0.0,
    "mean_apply_leaf_rmn_count": 1981355.4,
    "mean_apply_leaf_calls": 514506.4,
    "mean_rmn_soa_pack_s": 0.0,
    "mean_accel_from_let_soa_s": 0.0,
    "soa_simd_active": true
  }
}