{
  "steps": 10,
  "total_particles": 16000,
  "total_wall_s": 1.835581877,
  "total_comm_s": 0.32145616400000004,
  "total_gravity_s": 1.268366866,
  "total_integration_s": 0.22500082500000018,
  "mean_step_wall_s": 0.1814823855,
  "mean_comm_s": 0.03214561640000001,
  "mean_gravity_s": 0.1268366866,
  "comm_fraction": 0.1771280243613505,
  "gravity_fraction": 0.6988925467920962,
  "hpc": {
    "mean_tree_build_s": 0.0015308353,
    "mean_let_export_s": 0.0007586068,
    "mean_let_pack_s": 0.0002463565,
    "mean_aabb_allgather_s": 0.0221474323,
    "mean_let_alltoallv_s": 0.050085044,
    "mean_walk_local_s": 0.040528439400000005,
    "mean_apply_let_s": 0.0837846666,
    "mean_let_nodes_exported": 21871.1,
    "mean_let_nodes_imported": 20776.2,
    "mean_bytes_sent": 3149438.4,
    "mean_bytes_recv": 2991772.8,
    "wait_fraction": 0.052658579363890935,
    "mean_let_tree_build_s": 0.0038112693000000005,
    "mean_let_tree_walk_s": 0.0799611793,
    "mean_let_tree_nodes": 8474.4,
    "let_tree_parallel": false,
    "mean_max_let_nodes_per_rank": 4000.0,
    "mean_local_tree_nodes": 17266.0,
    "mean_export_prune_ratio": 0.1809592758683457,
    "mean_domain_rebalance_s": 0.0000876415,
    "mean_domain_migration_s": 0.00035393800000000004,
    "mean_local_particle_count": 2000.0,
    "particle_imbalance_ratio": 1.0,
    "sfc_kind": "morton"
  }
}