{
  "steps": 10,
  "total_particles": 16000,
  "total_wall_s": 5.876466782,
  "total_comm_s": 0.06470479600000001,
  "total_gravity_s": 5.777178301,
  "total_integration_s": 0.033026450000000374,
  "mean_step_wall_s": 0.5874909547,
  "mean_comm_s": 0.0064704796000000005,
  "mean_gravity_s": 0.5777178301,
  "comm_fraction": 0.011013751868408129,
  "gravity_fraction": 0.9833646381755943,
  "hpc": {
    "mean_tree_build_s": 0.0033696107,
    "mean_let_export_s": 0.0005764934,
    "mean_let_pack_s": 0.00009121000000000002,
    "mean_aabb_allgather_s": 0.0035382153,
    "mean_let_alltoallv_s": 0.23714191040000002,
    "mean_walk_local_s": 0.23516146900000004,
    "mean_apply_let_s": 0.33852688160000005,
    "mean_let_nodes_exported": 16141.6,
    "mean_let_nodes_imported": 15858.4,
    "mean_bytes_sent": 2324390.4,
    "mean_bytes_recv": 2283609.6,
    "wait_fraction": 0.0033710159861291907,
    "mean_let_tree_build_s": 0.0013650096000000001,
    "mean_let_tree_walk_s": 0.33715403740000005,
    "mean_let_tree_nodes": 6134.1,
    "let_tree_parallel": false,
    "mean_max_let_nodes_per_rank": 16141.6,
    "mean_local_tree_nodes": 65751.6,
    "mean_export_prune_ratio": 0.24549364578200378,
    "mean_domain_rebalance_s": 0.0001574869,
    "mean_domain_migration_s": 0.000794336,
    "mean_local_particle_count": 8070.8,
    "particle_imbalance_ratio": 1.0401596087012486,
    "sfc_kind": "hilbert"
  }
}