{
  "steps": 10,
  "total_particles": 8000,
  "total_wall_s": 1.551600776,
  "total_comm_s": 0.107681486,
  "total_gravity_s": 1.368028833,
  "total_integration_s": 0.07544464900000003,
  "mean_step_wall_s": 0.1551154968,
  "mean_comm_s": 0.010768148600000001,
  "mean_gravity_s": 0.1368028833,
  "comm_fraction": 0.06942019864001106,
  "gravity_fraction": 0.8819420762091129,
  "hpc": {
    "mean_tree_build_s": 0.0007808916000000001,
    "mean_let_export_s": 0.00034285110000000006,
    "mean_let_pack_s": 0.0001645366,
    "mean_aabb_allgather_s": 0.0074118876,
    "mean_let_alltoallv_s": 0.0284040987,
    "mean_walk_local_s": 0.025167202399999998,
    "mean_apply_let_s": 0.11035000530000001,
    "mean_let_nodes_exported": 11166.0,
    "mean_let_nodes_imported": 10966.3,
    "mean_bytes_sent": 1607904.0,
    "mean_bytes_recv": 1579147.2,
    "wait_fraction": 0.02086765259936298,
    "mean_let_tree_build_s": 0.0008509621000000001,
    "mean_let_tree_walk_s": 0.10949643950000001,
    "mean_let_tree_nodes": 721.2,
    "let_tree_parallel": true,
    "mean_max_let_nodes_per_rank": 4070.3,
    "mean_local_tree_nodes": 18199.6,
    "mean_export_prune_ratio": 0.20450998923053254,
    "mean_domain_rebalance_s": 0.0000421342,
    "mean_domain_migration_s": 0.0000772305,
    "mean_local_particle_count": 2143.5,
    "particle_imbalance_ratio": 5.589460784313726,
    "sfc_kind": "morton",
    "mean_apply_leaf_s": 0.0,
    "mean_apply_leaf_rmn_count": 10817613.8,
    "mean_apply_leaf_calls": 532821.2,
    "mean_rmn_soa_pack_s": 0.0,
    "mean_accel_from_let_soa_s": 0.0,
    "soa_simd_active": true
  }
}