{
  "steps": 10,
  "total_particles": 32000,
  "total_wall_s": 4.054047864,
  "total_comm_s": 0.38996969800000003,
  "total_gravity_s": 3.358174727,
  "total_integration_s": 0.3047865780000003,
  "mean_step_wall_s": 0.40529310030000004,
  "mean_comm_s": 0.0389969698,
  "mean_gravity_s": 0.3358174727,
  "comm_fraction": 0.09621918007272823,
  "gravity_fraction": 0.8285792984174323,
  "hpc": {
    "mean_tree_build_s": 0.0049954743,
    "mean_let_export_s": 0.0025630647,
    "mean_let_pack_s": 0.0007909977999999999,
    "mean_aabb_allgather_s": 0.0261832116,
    "mean_let_alltoallv_s": 0.18690246640000002,
    "mean_walk_local_s": 0.174540397,
    "mean_apply_let_s": 0.15295169320000002,
    "mean_let_nodes_exported": 37182.9,
    "mean_let_nodes_imported": 36772.8,
    "mean_bytes_sent": 5354337.6,
    "mean_bytes_recv": 5295283.2,
    "wait_fraction": 0.030501554037928435,
    "mean_let_tree_build_s": 0.004849635200000001,
    "mean_let_tree_walk_s": 0.1480779037,
    "mean_let_tree_nodes": 16482.6,
    "let_tree_parallel": true,
    "mean_max_let_nodes_per_rank": 14187.5,
    "mean_local_tree_nodes": 71713.2,
    "mean_export_prune_ratio": 0.172831501034677,
    "mean_domain_rebalance_s": 0.0001302525,
    "mean_domain_migration_s": 0.0003214363,
    "mean_local_particle_count": 9046.8,
    "particle_imbalance_ratio": 4.284864104967197,
    "sfc_kind": "morton",
    "mean_apply_leaf_s": 0.0,
    "mean_apply_leaf_rmn_count": 6613320.4,
    "mean_apply_leaf_calls": 1739320.4,
    "mean_rmn_soa_pack_s": 0.0,
    "mean_accel_from_let_soa_s": 0.0,
    "soa_simd_active": true
  }
}