{
  "steps": 10,
  "total_particles": 8000,
  "total_wall_s": 2.035631714,
  "total_comm_s": 0.030197392000000003,
  "total_gravity_s": 1.9884234420000002,
  "total_integration_s": 0.0164990890000003,
  "mean_step_wall_s": 0.20351199230000003,
  "mean_comm_s": 0.0030197392000000005,
  "mean_gravity_s": 0.19884234420000002,
  "comm_fraction": 0.014838138853009499,
  "gravity_fraction": 0.9770546784627984,
  "hpc": {
    "mean_tree_build_s": 0.0010170198,
    "mean_let_export_s": 0.0002321325,
    "mean_let_pack_s": 0.000048388,
    "mean_aabb_allgather_s": 0.0016013939,
    "mean_let_alltoallv_s": 0.0643358049,
    "mean_walk_local_s": 0.0630132935,
    "mean_apply_let_s": 0.1345339367,
    "mean_let_nodes_exported": 6827.4,
    "mean_let_nodes_imported": 7980.7,
    "mean_bytes_sent": 983145.6,
    "mean_bytes_recv": 1149220.8,
    "wait_fraction": 0.00649844456365238,
    "mean_let_tree_build_s": 0.0005003581,
    "mean_let_tree_walk_s": 0.1340311523,
    "mean_let_tree_nodes": 562.5,
    "let_tree_parallel": true,
    "mean_max_let_nodes_per_rank": 6827.4,
    "mean_local_tree_nodes": 33197.2,
    "mean_export_prune_ratio": 0.2056619232947357,
    "mean_domain_rebalance_s": 0.0000240266,
    "mean_domain_migration_s": 0.0000718073,
    "mean_local_particle_count": 4005.4,
    "particle_imbalance_ratio": 1.0092098641167588,
    "sfc_kind": "morton",
    "mean_apply_leaf_s": 0.0,
    "mean_apply_leaf_rmn_count": 13116291.7,
    "mean_apply_leaf_calls": 730493.6,
    "mean_rmn_soa_pack_s": 0.0,
    "mean_accel_from_let_soa_s": 0.0,
    "soa_simd_active": true
  }
}