{
  "steps": 20,
  "total_particles": 1000,
  "total_wall_s": 0.214472683,
  "total_comm_s": 0.000048635000000000004,
  "total_gravity_s": 0.21394363100000002,
  "total_integration_s": 0.00008790799999999765,
  "mean_step_wall_s": 0.0107040087,
  "mean_comm_s": 2.43175e-6,
  "mean_gravity_s": 0.01069718155,
  "comm_fraction": 0.00022718124285530525,
  "gravity_fraction": 0.9993621875512864
}