{
  "steps": 10,
  "total_particles": 16000,
  "total_wall_s": 3.957916289,
  "total_comm_s": 0.155764792,
  "total_gravity_s": 3.7308621640000004,
  "total_integration_s": 0.0703253049999999,
  "mean_step_wall_s": 0.3956952261,
  "mean_comm_s": 0.015576479200000002,
  "mean_gravity_s": 0.37308621640000006,
  "comm_fraction": 0.03936483983777837,
  "gravity_fraction": 0.9428625664180083,
  "hpc": {
    "mean_tree_build_s": 0.0030345937,
    "mean_let_export_s": 0.0004637596,
    "mean_let_pack_s": 0.0000884125,
    "mean_aabb_allgather_s": 0.0068091881,
    "mean_let_alltoallv_s": 0.22962755029999998,
    "mean_walk_local_s": 0.2210902764,
    "mean_apply_let_s": 0.1484144423,
    "mean_let_nodes_exported": 12949.3,
    "mean_let_nodes_imported": 15999.7,
    "mean_bytes_sent": 1864699.2,
    "mean_bytes_recv": 2303956.8,
    "wait_fraction": 0.02157537755545846,
    "mean_let_tree_build_s": 0.0014897258000000002,
    "mean_let_tree_walk_s": 0.1469194484,
    "mean_let_tree_nodes": 6627.4,
    "let_tree_parallel": false,
    "mean_max_let_nodes_per_rank": 12949.3,
    "mean_local_tree_nodes": 64730.8,
    "mean_export_prune_ratio": 0.20004850859250928,
    "mean_domain_rebalance_s": 0.0000473779,
    "mean_domain_migration_s": 0.0001826393,
    "mean_local_particle_count": 7990.5,
    "particle_imbalance_ratio": 1.0036967418546365,
    "sfc_kind": "morton"
  }
}