{
  "steps": 10,
  "total_particles": 16000,
  "total_wall_s": 2.155690225,
  "total_comm_s": 0.252007859,
  "total_gravity_s": 1.6947335620000001,
  "total_integration_s": 0.20819591100000023,
  "mean_step_wall_s": 0.21549373320000004,
  "mean_comm_s": 0.0252007859,
  "mean_gravity_s": 0.1694733562,
  "comm_fraction": 0.11694440263193694,
  "gravity_fraction": 0.7864421562677721,
  "hpc": {
    "mean_tree_build_s": 0.0021535039,
    "mean_let_export_s": 0.0007542010000000001,
    "mean_let_pack_s": 0.00038334310000000005,
    "mean_aabb_allgather_s": 0.019064434,
    "mean_let_alltoallv_s": 0.0759298647,
    "mean_walk_local_s": 0.07003295080000001,
    "mean_apply_let_s": 0.09615643370000002,
    "mean_let_nodes_exported": 20638.4,
    "mean_let_nodes_imported": 19054.3,
    "mean_bytes_sent": 2971929.6,
    "mean_bytes_recv": 2743819.2,
    "wait_fraction": 0.02736466537765656,
    "mean_let_tree_build_s": 0.0021282613000000003,
    "mean_let_tree_walk_s": 0.0940210961,
    "mean_let_tree_nodes": 3962.0,
    "let_tree_parallel": true,
    "mean_max_let_nodes_per_rank": 7633.1,
    "mean_local_tree_nodes": 37018.0,
    "mean_export_prune_ratio": 0.18584112233688116,
    "mean_domain_rebalance_s": 0.0000655248,
    "mean_domain_migration_s": 0.0001739132,
    "mean_local_particle_count": 4537.4,
    "particle_imbalance_ratio": 4.538499025341131,
    "sfc_kind": "morton",
    "mean_apply_leaf_s": 0.0,
    "mean_apply_leaf_rmn_count": 6377696.2,
    "mean_apply_leaf_calls": 977058.0,
    "mean_rmn_soa_pack_s": 0.0,
    "mean_accel_from_let_soa_s": 0.0,
    "soa_simd_active": true
  }
}