{
  "steps": 10,
  "total_particles": 16000,
  "total_wall_s": 1.669921581,
  "total_comm_s": 0.196447794,
  "total_gravity_s": 1.3258149620000002,
  "total_integration_s": 0.14689111099999996,
  "mean_step_wall_s": 0.1669153867,
  "mean_comm_s": 0.0196447794,
  "mean_gravity_s": 0.1325814962,
  "comm_fraction": 0.117693040697967,
  "gravity_fraction": 0.7943036218601649,
  "hpc": {
    "mean_tree_build_s": 0.0021365963000000003,
    "mean_let_export_s": 0.000755365,
    "mean_let_pack_s": 0.00044989330000000003,
    "mean_aabb_allgather_s": 0.0132920164,
    "mean_let_alltoallv_s": 0.0758001066,
    "mean_walk_local_s": 0.06969296420000001,
    "mean_apply_let_s": 0.059555594,
    "mean_let_nodes_exported": 20638.5,
    "mean_let_nodes_imported": 19054.3,
    "mean_bytes_sent": 2971944.0,
    "mean_bytes_recv": 2743819.2,
    "wait_fraction": 0.03658825301094905,
    "mean_let_tree_build_s": 0.0024205637000000004,
    "mean_let_tree_walk_s": 0.0571261137,
    "mean_let_tree_nodes": 8135.0,
    "let_tree_parallel": true,
    "mean_max_let_nodes_per_rank": 7633.1,
    "mean_local_tree_nodes": 37017.2,
    "mean_export_prune_ratio": 0.18584603913856262,
    "mean_domain_rebalance_s": 0.0000683869,
    "mean_domain_migration_s": 0.00017723370000000002,
    "mean_local_particle_count": 4537.4,
    "particle_imbalance_ratio": 4.538499025341131,
    "sfc_kind": "morton",
    "mean_apply_leaf_s": 0.0,
    "mean_apply_leaf_rmn_count": 3118460.0,
    "mean_apply_leaf_calls": 814645.3,
    "mean_rmn_soa_pack_s": 0.0,
    "mean_accel_from_let_soa_s": 0.0,
    "soa_simd_active": true
  }
}