{
  "steps": 10,
  "total_particles": 8000,
  "total_wall_s": 0.900339762,
  "total_comm_s": 0.08322019700000001,
  "total_gravity_s": 0.763263388,
  "total_integration_s": 0.05340531999999998,
  "mean_step_wall_s": 0.0899888905,
  "mean_comm_s": 0.0083220197,
  "mean_gravity_s": 0.0763263388,
  "comm_fraction": 0.09247830097427416,
  "gravity_fraction": 0.8481751289066065,
  "hpc": {
    "mean_tree_build_s": 0.0007342692,
    "mean_let_export_s": 0.0003197384,
    "mean_let_pack_s": 0.0001780169,
    "mean_aabb_allgather_s": 0.0049772796000000005,
    "mean_let_alltoallv_s": 0.0284008866,
    "mean_walk_local_s": 0.025176594099999998,
    "mean_apply_let_s": 0.0499206857,
    "mean_let_nodes_exported": 11166.0,
    "mean_let_nodes_imported": 10966.3,
    "mean_bytes_sent": 1607904.0,
    "mean_bytes_recv": 1579147.2,
    "wait_fraction": 0.035829895024653065,
    "mean_let_tree_build_s": 0.0012314473000000002,
    "mean_let_tree_walk_s": 0.04868627290000001,
    "mean_let_tree_nodes": 4134.5,
    "let_tree_parallel": true,
    "mean_max_let_nodes_per_rank": 4070.3,
    "mean_local_tree_nodes": 18198.0,
    "mean_export_prune_ratio": 0.20452797010660512,
    "mean_domain_rebalance_s": 0.0000423356,
    "mean_domain_migration_s": 0.000078112,
    "mean_local_particle_count": 2143.5,
    "particle_imbalance_ratio": 5.589460784313726,
    "sfc_kind": "morton",
    "mean_apply_leaf_s": 0.0,
    "mean_apply_leaf_rmn_count": 0.0,
    "mean_apply_leaf_calls": 0.0,
    "mean_rmn_soa_pack_s": 0.0,
    "mean_accel_from_let_soa_s": 0.0,
    "soa_simd_active": true,
    "mean_apply_leaf_tile_calls": 251485.2,
    "mean_apply_leaf_tile_i_count": 1005274.3,
    "tile_utilization_ratio": 0.9993374361592651
  }
}