{
  "steps": 10,
  "total_particles": 8000,
  "total_wall_s": 1.150396492,
  "total_comm_s": 0.12388391100000001,
  "total_gravity_s": 0.950534002,
  "total_integration_s": 0.07531378699999991,
  "mean_step_wall_s": 0.11497317,
  "mean_comm_s": 0.012388391100000002,
  "mean_gravity_s": 0.0950534002,
  "comm_fraction": 0.10775027860847884,
  "gravity_fraction": 0.8267441891008137,
  "hpc": {
    "mean_tree_build_s": 0.0008338996000000001,
    "mean_let_export_s": 0.0003580934,
    "mean_let_pack_s": 0.0001659311,
    "mean_aabb_allgather_s": 0.0072457962,
    "mean_let_alltoallv_s": 0.0422597824,
    "mean_walk_local_s": 0.0372699988,
    "mean_apply_let_s": 0.05642859600000001,
    "mean_let_nodes_exported": 11166.0,
    "mean_let_nodes_imported": 10966.4,
    "mean_bytes_sent": 1607904.0,
    "mean_bytes_recv": 1579161.6,
    "wait_fraction": 0.04339954791191719,
    "mean_let_tree_build_s": 0.0012135816,
    "mean_let_tree_walk_s": 0.0552118957,
    "mean_let_tree_nodes": 4134.5,
    "let_tree_parallel": false,
    "mean_max_let_nodes_per_rank": 4070.3,
    "mean_local_tree_nodes": 18199.6,
    "mean_export_prune_ratio": 0.20450998923053254,
    "mean_domain_rebalance_s": 0.000043836300000000006,
    "mean_domain_migration_s": 0.000108975,
    "mean_local_particle_count": 2143.5,
    "particle_imbalance_ratio": 5.589460784313726,
    "sfc_kind": "morton"
  }
}