{
  "steps": 20,
  "total_particles": 512,
  "total_wall_s": 0.00710716,
  "total_comm_s": 0.000029512,
  "total_gravity_s": 0.006718798000000001,
  "total_integration_s": 0.00008982,
  "mean_step_wall_s": 0.0003419065,
  "mean_comm_s": 1.4756000000000001e-6,
  "mean_gravity_s": 0.00033593990000000003,
  "comm_fraction": 0.004315799787368769,
  "gravity_fraction": 0.9825490302173255
}