{
  "steps": 10,
  "total_particles": 8000,
  "total_wall_s": 1.100359644,
  "total_comm_s": 0.040184765000000004,
  "total_gravity_s": 1.032953386,
  "total_integration_s": 0.026623661999999992,
  "mean_step_wall_s": 0.1099761813,
  "mean_comm_s": 0.004018476500000001,
  "mean_gravity_s": 0.1032953386,
  "comm_fraction": 0.03653951657985056,
  "gravity_fraction": 0.9392519123593174,
  "hpc": {
    "mean_tree_build_s": 0.0013059624,
    "mean_let_export_s": 0.0002576128,
    "mean_let_pack_s": 0.0000639227,
    "mean_aabb_allgather_s": 0.0023762054000000003,
    "mean_let_alltoallv_s": 0.0648112703,
    "mean_walk_local_s": 0.0632714694,
    "mean_apply_let_s": 0.0384026751,
    "mean_let_nodes_exported": 6827.4,
    "mean_let_nodes_imported": 7980.7,
    "mean_bytes_sent": 983145.6,
    "mean_bytes_recv": 1149220.8,
    "wait_fraction": 0.014001221735455913,
    "mean_let_tree_build_s": 0.0007569592,
    "mean_let_tree_walk_s": 0.037639412100000005,
    "mean_let_tree_nodes": 3046.6,
    "let_tree_parallel": true,
    "mean_max_let_nodes_per_rank": 6827.4,
    "mean_local_tree_nodes": 33197.2,
    "mean_export_prune_ratio": 0.2056619232947357,
    "mean_domain_rebalance_s": 0.000024462400000000005,
    "mean_domain_migration_s": 0.0000780078,
    "mean_local_particle_count": 4005.4,
    "particle_imbalance_ratio": 1.0092098641167588,
    "sfc_kind": "morton",
    "mean_apply_leaf_s": 0.0,
    "mean_apply_leaf_rmn_count": 2307550.3,
    "mean_apply_leaf_calls": 629856.3,
    "mean_rmn_soa_pack_s": 0.0,
    "mean_accel_from_let_soa_s": 0.0,
    "soa_simd_active": true
  }
}