{
  "steps": 10,
  "total_particles": 16000,
  "total_wall_s": 2.010265734,
  "total_comm_s": 0.382461926,
  "total_gravity_s": 1.440112175,
  "total_integration_s": 0.186735404,
  "mean_step_wall_s": 0.2009309505,
  "mean_comm_s": 0.0382461926,
  "mean_gravity_s": 0.1440112175,
  "comm_fraction": 0.19034495434788679,
  "gravity_fraction": 0.7167199335972883,
  "hpc": {
    "mean_tree_build_s": 0.0013834532,
    "mean_let_export_s": 0.0006619703,
    "mean_let_pack_s": 0.00034015760000000004,
    "mean_aabb_allgather_s": 0.0166152328,
    "mean_let_alltoallv_s": 0.061627815800000006,
    "mean_walk_local_s": 0.0406045125,
    "mean_apply_let_s": 0.10103182590000001,
    "mean_let_nodes_exported": 28000.0,
    "mean_let_nodes_imported": 28000.0,
    "mean_bytes_sent": 4032000.0,
    "mean_bytes_recv": 4032000.0,
    "wait_fraction": 0.10462949211002713,
    "mean_let_tree_build_s": 0.0045542329,
    "mean_let_tree_walk_s": 0.09646689100000001,
    "mean_let_tree_nodes": 11702.9,
    "let_tree_parallel": false,
    "mean_max_let_nodes_per_rank": 4000.0,
    "mean_local_tree_nodes": 17129.2,
    "mean_export_prune_ratio": 0.2335193704317773,
    "mean_domain_rebalance_s": 0.0002329129,
    "mean_domain_migration_s": 0.0003747436,
    "mean_local_particle_count": 2000.0,
    "particle_imbalance_ratio": 1.0,
    "sfc_kind": "hilbert"
  }
}