{
  "steps": 10,
  "total_particles": 8000,
  "total_wall_s": 1.162019956,
  "total_comm_s": 0.042025755000000005,
  "total_gravity_s": 1.092018213,
  "total_integration_s": 0.027561176999999937,
  "mean_step_wall_s": 0.1161605145,
  "mean_comm_s": 0.004202575500000001,
  "mean_gravity_s": 0.1092018213,
  "comm_fraction": 0.03617903655204627,
  "gravity_fraction": 0.9400941599651748,
  "hpc": {
    "mean_tree_build_s": 0.0009524224000000001,
    "mean_let_export_s": 0.0002298156,
    "mean_let_pack_s": 0.000047958800000000006,
    "mean_aabb_allgather_s": 0.0026681754,
    "mean_let_alltoallv_s": 0.064444522,
    "mean_walk_local_s": 0.06300134710000001,
    "mean_apply_let_s": 0.044973685400000005,
    "mean_let_nodes_exported": 6827.4,
    "mean_let_nodes_imported": 7980.7,
    "mean_bytes_sent": 983145.6,
    "mean_bytes_recv": 1149220.8,
    "wait_fraction": 0.012423971314279948,
    "mean_let_tree_build_s": 0.0007106570000000001,
    "mean_let_tree_walk_s": 0.044259620400000005,
    "mean_let_tree_nodes": 3046.6,
    "let_tree_parallel": true,
    "mean_max_let_nodes_per_rank": 6827.4,
    "mean_local_tree_nodes": 33197.2,
    "mean_export_prune_ratio": 0.2056619232947357,
    "mean_domain_rebalance_s": 0.0000233784,
    "mean_domain_migration_s": 0.0000678468,
    "mean_local_particle_count": 4005.4,
    "particle_imbalance_ratio": 1.0092098641167588,
    "sfc_kind": "morton",
    "mean_apply_leaf_s": 0.0,
    "mean_apply_leaf_rmn_count": 2307550.3,
    "mean_apply_leaf_calls": 629856.3,
    "mean_rmn_soa_pack_s": 0.0,
    "mean_accel_from_let_soa_s": 0.0,
    "soa_simd_active": true
  }
}