{
  "steps": 10,
  "total_particles": 8000,
  "total_wall_s": 1.619712176,
  "total_comm_s": 0.046159024,
  "total_gravity_s": 1.5425899230000002,
  "total_integration_s": 0.03045636499999982,
  "mean_step_wall_s": 0.1619205312,
  "mean_comm_s": 0.0046159024,
  "mean_gravity_s": 0.1542589923,
  "comm_fraction": 0.0285072088498682,
  "gravity_fraction": 0.9526833388995207,
  "hpc": {
    "mean_tree_build_s": 0.0011450115,
    "mean_let_export_s": 0.00023684400000000002,
    "mean_let_pack_s": 0.0000539643,
    "mean_aabb_allgather_s": 0.0030763931000000002,
    "mean_let_alltoallv_s": 0.0643783667,
    "mean_walk_local_s": 0.06293660200000001,
    "mean_apply_let_s": 0.08989044510000001,
    "mean_let_nodes_exported": 6827.4,
    "mean_let_nodes_imported": 7980.7,
    "mean_bytes_sent": 983145.6,
    "mean_bytes_recv": 1149220.8,
    "wait_fraction": 0.008904150013065175,
    "mean_let_tree_build_s": 0.0005715396,
    "mean_let_tree_walk_s": 0.08931503090000001,
    "mean_let_tree_nodes": 978.4,
    "let_tree_parallel": true,
    "mean_max_let_nodes_per_rank": 6827.4,
    "mean_local_tree_nodes": 33196.4,
    "mean_export_prune_ratio": 0.20566687954115506,
    "mean_domain_rebalance_s": 0.000024718900000000005,
    "mean_domain_migration_s": 0.0000730257,
    "mean_local_particle_count": 4005.4,
    "particle_imbalance_ratio": 1.0092098641167588,
    "sfc_kind": "morton",
    "mean_apply_leaf_s": 0.0,
    "mean_apply_leaf_rmn_count": 8003462.2,
    "mean_apply_leaf_calls": 753153.5,
    "mean_rmn_soa_pack_s": 0.0,
    "mean_accel_from_let_soa_s": 0.0,
    "soa_simd_active": true
  }
}