{
  "steps": 10,
  "total_particles": 16000,
  "total_wall_s": 1.656650774,
  "total_comm_s": 0.189176653,
  "total_gravity_s": 1.3215297780000002,
  "total_integration_s": 0.14524459299999992,
  "mean_step_wall_s": 0.16559510240000003,
  "mean_comm_s": 0.0189176653,
  "mean_gravity_s": 0.13215297780000002,
  "comm_fraction": 0.11424048794815081,
  "gravity_fraction": 0.7980488304586477,
  "hpc": {
    "mean_tree_build_s": 0.0020794621000000003,
    "mean_let_export_s": 0.0007297961,
    "mean_let_pack_s": 0.0003732644,
    "mean_aabb_allgather_s": 0.0132074207,
    "mean_let_alltoallv_s": 0.07499844320000001,
    "mean_walk_local_s": 0.0695214214,
    "mean_apply_let_s": 0.05945614210000001,
    "mean_let_nodes_exported": 20638.5,
    "mean_let_nodes_imported": 19054.3,
    "mean_bytes_sent": 2971944.0,
    "mean_bytes_recv": 2743819.2,
    "wait_fraction": 0.0330747813227597,
    "mean_let_tree_build_s": 0.0023586727000000003,
    "mean_let_tree_walk_s": 0.05709036110000001,
    "mean_let_tree_nodes": 8135.0,
    "let_tree_parallel": true,
    "mean_max_let_nodes_per_rank": 7633.1,
    "mean_local_tree_nodes": 37017.2,
    "mean_export_prune_ratio": 0.18584603913856262,
    "mean_domain_rebalance_s": 0.000067311,
    "mean_domain_migration_s": 0.0001659118,
    "mean_local_particle_count": 4537.4,
    "particle_imbalance_ratio": 4.538499025341131,
    "sfc_kind": "morton",
    "mean_apply_leaf_s": 0.0,
    "mean_apply_leaf_rmn_count": 3118460.0,
    "mean_apply_leaf_calls": 814645.3,
    "mean_rmn_soa_pack_s": 0.0,
    "mean_accel_from_let_soa_s": 0.0,
    "soa_simd_active": true
  }
}