{
  "steps": 10,
  "total_particles": 8000,
  "total_wall_s": 1.192435313,
  "total_comm_s": 0.097318187,
  "total_gravity_s": 1.034171623,
  "total_integration_s": 0.06049975300000021,
  "mean_step_wall_s": 0.11919895630000002,
  "mean_comm_s": 0.0097318187,
  "mean_gravity_s": 0.1034171623,
  "comm_fraction": 0.08164348918883947,
  "gravity_fraction": 0.8676012400622,
  "hpc": {
    "mean_tree_build_s": 0.0007519217,
    "mean_let_export_s": 0.00033497820000000006,
    "mean_let_pack_s": 0.0001376627,
    "mean_aabb_allgather_s": 0.006345431700000001,
    "mean_let_alltoallv_s": 0.0284179772,
    "mean_walk_local_s": 0.025148496400000005,
    "mean_apply_let_s": 0.07704709270000001,
    "mean_let_nodes_exported": 11166.0,
    "mean_let_nodes_imported": 10966.3,
    "mean_bytes_sent": 1607904.0,
    "mean_bytes_recv": 1579147.2,
    "wait_fraction": 0.02742877036415796,
    "mean_let_tree_build_s": 0.0009485273000000001,
    "mean_let_tree_walk_s": 0.07609557600000001,
    "mean_let_tree_nodes": 1338.7,
    "let_tree_parallel": true,
    "mean_max_let_nodes_per_rank": 4070.3,
    "mean_local_tree_nodes": 18197.2,
    "mean_export_prune_ratio": 0.2045369617303761,
    "mean_domain_rebalance_s": 0.00004224260000000001,
    "mean_domain_migration_s": 0.0000746636,
    "mean_local_particle_count": 2143.5,
    "particle_imbalance_ratio": 5.589460784313726,
    "sfc_kind": "morton",
    "mean_apply_leaf_s": 0.0,
    "mean_apply_leaf_rmn_count": 6918372.4,
    "mean_apply_leaf_calls": 573713.8,
    "mean_rmn_soa_pack_s": 0.0,
    "mean_accel_from_let_soa_s": 0.0,
    "soa_simd_active": true
  }
}