{
  "steps": 10,
  "total_particles": 1000,
  "total_wall_s": 0.579496116,
  "total_comm_s": 0.029673859,
  "total_gravity_s": 0.5476103520000001,
  "total_integration_s": 0.001883604999999955,
  "mean_step_wall_s": 0.0579167816,
  "mean_comm_s": 0.0029673859,
  "mean_gravity_s": 0.05476103520000001,
  "comm_fraction": 0.05123533832549839,
  "gravity_fraction": 0.9455124005025861,
  "treepm_hpc": {
    "mean_scatter_s": 0.0,
    "mean_gather_s": 0.0,
    "mean_pm_solve_s": 0.0,
    "mean_sr_halo_s": 5.538e-7,
    "mean_tree_sr_s": 0.054669921100000005,
    "mean_scatter_particles": 2000.0,
    "mean_scatter_bytes": 0.0,
    "mean_gather_bytes": 0.0,
    "pm_sync_fraction": 0.0,
    "mean_treepm_total_s": 0.0546704749,
    "path_active": "clone"
  }
}