{
  "steps": 10,
  "total_particles": 32000,
  "total_wall_s": 3.787641007,
  "total_comm_s": 0.354350098,
  "total_gravity_s": 3.161930068,
  "total_integration_s": 0.270212651,
  "mean_step_wall_s": 0.3786492817,
  "mean_comm_s": 0.0354350098,
  "mean_gravity_s": 0.3161930068,
  "comm_fraction": 0.09358266742487789,
  "gravity_fraction": 0.8350550815266475,
  "hpc": {
    "mean_tree_build_s": 0.0050065239000000004,
    "mean_let_export_s": 0.0027440212,
    "mean_let_pack_s": 0.0008268518,
    "mean_aabb_allgather_s": 0.022177634300000002,
    "mean_let_alltoallv_s": 0.1864506535,
    "mean_walk_local_s": 0.17364245630000003,
    "mean_apply_let_s": 0.1339971819,
    "mean_let_nodes_exported": 37182.9,
    "mean_let_nodes_imported": 36772.8,
    "mean_bytes_sent": 5354337.6,
    "mean_bytes_recv": 5295283.2,
    "wait_fraction": 0.03382601742302473,
    "mean_let_tree_build_s": 0.0050205499,
    "mean_let_tree_walk_s": 0.1289526037,
    "mean_let_tree_nodes": 16482.6,
    "let_tree_parallel": true,
    "mean_max_let_nodes_per_rank": 14187.5,
    "mean_local_tree_nodes": 71713.2,
    "mean_export_prune_ratio": 0.172831501034677,
    "mean_domain_rebalance_s": 0.0001347169,
    "mean_domain_migration_s": 0.0003144614,
    "mean_local_particle_count": 9046.8,
    "particle_imbalance_ratio": 4.284864104967197,
    "sfc_kind": "morton",
    "mean_apply_leaf_s": 0.0,
    "mean_apply_leaf_rmn_count": 6613320.4,
    "mean_apply_leaf_calls": 1739320.4,
    "mean_rmn_soa_pack_s": 0.0,
    "mean_accel_from_let_soa_s": 0.0,
    "soa_simd_active": true
  }
}