{
  "steps": 10,
  "total_particles": 16000,
  "total_wall_s": 4.033648071,
  "total_comm_s": 0.157285651,
  "total_gravity_s": 3.8035842730000002,
  "total_integration_s": 0.07180022500000005,
  "mean_step_wall_s": 0.40326701490000005,
  "mean_comm_s": 0.0157285651,
  "mean_gravity_s": 0.3803584273,
  "comm_fraction": 0.03900285547505115,
  "gravity_fraction": 0.9431925083045021,
  "hpc": {
    "mean_tree_build_s": 0.0033273445,
    "mean_let_export_s": 0.0005291722,
    "mean_let_pack_s": 0.00011965020000000001,
    "mean_aabb_allgather_s": 0.006870478500000001,
    "mean_let_alltoallv_s": 0.2296108807,
    "mean_walk_local_s": 0.22100880530000003,
    "mean_apply_let_s": 0.1553789335,
    "mean_let_nodes_exported": 12949.3,
    "mean_let_nodes_imported": 15999.7,
    "mean_bytes_sent": 1864699.2,
    "mean_bytes_recv": 2303956.8,
    "wait_fraction": 0.021330967032186097,
    "mean_let_tree_build_s": 0.0014454047000000002,
    "mean_let_tree_walk_s": 0.15392805040000002,
    "mean_let_tree_nodes": 6627.4,
    "let_tree_parallel": false,
    "mean_max_let_nodes_per_rank": 12949.3,
    "mean_local_tree_nodes": 64730.8,
    "mean_export_prune_ratio": 0.20004850859250928,
    "mean_domain_rebalance_s": 0.00005520750000000001,
    "mean_domain_migration_s": 0.00020080370000000002,
    "mean_local_particle_count": 7990.5,
    "particle_imbalance_ratio": 1.0036967418546365,
    "sfc_kind": "morton",
    "mean_apply_leaf_s": 0.0,
    "mean_apply_leaf_rmn_count": 4984593.7,
    "mean_apply_leaf_calls": 1233517.1,
    "mean_rmn_soa_pack_s": 0.0,
    "mean_accel_from_let_soa_s": 0.0,
    "soa_simd_active": false
  }
}