{
  "steps": 10,
  "total_particles": 16000,
  "total_wall_s": 3.801251749,
  "total_comm_s": 0.24522438100000002,
  "total_gravity_s": 3.354570942,
  "total_integration_s": 0.20078132100000046,
  "mean_step_wall_s": 0.38005766440000005,
  "mean_comm_s": 0.024522438100000002,
  "mean_gravity_s": 0.33545709420000003,
  "comm_fraction": 0.06452294058774939,
  "gravity_fraction": 0.8826478864189956,
  "hpc": {
    "mean_tree_build_s": 0.0019685155000000003,
    "mean_let_export_s": 0.0007032381,
    "mean_let_pack_s": 0.0003656428,
    "mean_aabb_allgather_s": 0.019264144000000004,
    "mean_let_alltoallv_s": 0.0760381352,
    "mean_walk_local_s": 0.0710047059,
    "mean_apply_let_s": 0.2614194995,
    "mean_let_nodes_exported": 20637.8,
    "mean_let_nodes_imported": 19054.4,
    "mean_bytes_sent": 2971843.2,
    "mean_bytes_recv": 2743833.6,
    "wait_fraction": 0.013243856844582555,
    "mean_let_tree_build_s": 0.0016672431000000001,
    "mean_let_tree_walk_s": 0.2597477488,
    "mean_let_tree_nodes": 1192.3,
    "let_tree_parallel": true,
    "mean_max_let_nodes_per_rank": 7632.9,
    "mean_local_tree_nodes": 37010.8,
    "mean_export_prune_ratio": 0.18587187163386543,
    "mean_domain_rebalance_s": 0.00006560290000000001,
    "mean_domain_migration_s": 0.00015926190000000001,
    "mean_local_particle_count": 4537.3,
    "particle_imbalance_ratio": 4.538499025341131,
    "sfc_kind": "morton",
    "mean_apply_leaf_s": 0.0,
    "mean_apply_leaf_rmn_count": 25561156.7,
    "mean_apply_leaf_calls": 1069286.9,
    "mean_rmn_soa_pack_s": 0.0,
    "mean_accel_from_let_soa_s": 0.0,
    "soa_simd_active": true
  }
}