{
  "steps": 10,
  "total_particles": 8000,
  "total_wall_s": 1.190666992,
  "total_comm_s": 0.047527034,
  "total_gravity_s": 1.113059073,
  "total_integration_s": 0.029360700000000017,
  "mean_step_wall_s": 0.11899468070000001,
  "mean_comm_s": 0.004752703400000001,
  "mean_gravity_s": 0.1113059073,
  "comm_fraction": 0.0399404693725944,
  "gravity_fraction": 0.9353855705585333,
  "hpc": {
    "mean_tree_build_s": 0.0014124841000000001,
    "mean_let_export_s": 0.0002695898,
    "mean_let_pack_s": 0.0000694738,
    "mean_aabb_allgather_s": 0.0026960227000000004,
    "mean_let_alltoallv_s": 0.06620298640000001,
    "mean_walk_local_s": 0.06425904600000001,
    "mean_apply_let_s": 0.0453010343,
    "mean_let_nodes_exported": 6827.4,
    "mean_let_nodes_imported": 7980.7,
    "mean_bytes_sent": 983145.6,
    "mean_bytes_recv": 1149220.8,
    "wait_fraction": 0.016336363848909425,
    "mean_let_tree_build_s": 0.0007560145000000001,
    "mean_let_tree_walk_s": 0.0445392991,
    "mean_let_tree_nodes": 3046.6,
    "let_tree_parallel": true,
    "mean_max_let_nodes_per_rank": 6827.4,
    "mean_local_tree_nodes": 33197.2,
    "mean_export_prune_ratio": 0.2056619232947357,
    "mean_domain_rebalance_s": 0.0000242951,
    "mean_domain_migration_s": 0.00008844520000000001,
    "mean_local_particle_count": 4005.4,
    "particle_imbalance_ratio": 1.0092098641167588,
    "sfc_kind": "morton",
    "mean_apply_leaf_s": 0.0,
    "mean_apply_leaf_rmn_count": 2307550.3,
    "mean_apply_leaf_calls": 629856.3,
    "mean_rmn_soa_pack_s": 0.0,
    "mean_accel_from_let_soa_s": 0.0,
    "soa_simd_active": true
  }
}