{
  "steps": 10,
  "total_particles": 16000,
  "total_wall_s": 3.345641049,
  "total_comm_s": 0.13083128600000002,
  "total_gravity_s": 3.1525478290000004,
  "total_integration_s": 0.061492754000000094,
  "mean_step_wall_s": 0.3344871869,
  "mean_comm_s": 0.013083128600000002,
  "mean_gravity_s": 0.31525478290000003,
  "comm_fraction": 0.039113990348190526,
  "gravity_fraction": 0.9425018214352414,
  "hpc": {
    "mean_tree_build_s": 0.0022209236,
    "mean_let_export_s": 0.0004258123,
    "mean_let_pack_s": 0.00006655530000000001,
    "mean_aabb_allgather_s": 0.005747881200000001,
    "mean_let_alltoallv_s": 0.15857453910000002,
    "mean_walk_local_s": 0.1514310086,
    "mean_apply_let_s": 0.1611146686,
    "mean_let_nodes_exported": 12949.3,
    "mean_let_nodes_imported": 15999.7,
    "mean_bytes_sent": 1864699.2,
    "mean_bytes_recv": 2303956.8,
    "wait_fraction": 0.021356664110830845,
    "mean_let_tree_build_s": 0.0015215825,
    "mean_let_tree_walk_s": 0.15958890060000003,
    "mean_let_tree_nodes": 6628.2,
    "let_tree_parallel": true,
    "mean_max_let_nodes_per_rank": 12949.3,
    "mean_local_tree_nodes": 64732.4,
    "mean_export_prune_ratio": 0.20004356396487694,
    "mean_domain_rebalance_s": 0.0000497563,
    "mean_domain_migration_s": 0.00014196060000000002,
    "mean_local_particle_count": 7990.5,
    "particle_imbalance_ratio": 1.0036967418546365,
    "sfc_kind": "morton",
    "mean_apply_leaf_s": 0.0,
    "mean_apply_leaf_rmn_count": 0.0,
    "mean_apply_leaf_calls": 0.0,
    "mean_rmn_soa_pack_s": 0.0,
    "mean_accel_from_let_soa_s": 0.0,
    "soa_simd_active": true,
    "mean_apply_leaf_tile_calls": 720481.5,
    "mean_apply_leaf_tile_i_count": 2881592.7,
    "tile_utilization_ratio": 0.999884348175491
  }
}