{
  "steps": 10,
  "total_particles": 16000,
  "total_wall_s": 2.702715412,
  "total_comm_s": 0.292161683,
  "total_gravity_s": 2.166826561,
  "total_integration_s": 0.24302710900000024,
  "mean_step_wall_s": 0.2702015353,
  "mean_comm_s": 0.0292161683,
  "mean_gravity_s": 0.2166826561,
  "comm_fraction": 0.1081273215844677,
  "gravity_fraction": 0.8019297738609111,
  "hpc": {
    "mean_tree_build_s": 0.002069926,
    "mean_let_export_s": 0.0007226685,
    "mean_let_pack_s": 0.000376578,
    "mean_aabb_allgather_s": 0.023404344900000002,
    "mean_let_alltoallv_s": 0.07506407500000001,
    "mean_walk_local_s": 0.0694840624,
    "mean_apply_let_s": 0.1440351011,
    "mean_let_nodes_exported": 20637.8,
    "mean_let_nodes_imported": 19054.4,
    "mean_bytes_sent": 2971843.2,
    "mean_bytes_recv": 2743833.6,
    "wait_fraction": 0.020651298645674276,
    "mean_let_tree_build_s": 0.0018732845000000002,
    "mean_let_tree_walk_s": 0.1421561367,
    "mean_let_tree_nodes": 2512.5,
    "let_tree_parallel": true,
    "mean_max_let_nodes_per_rank": 7632.9,
    "mean_local_tree_nodes": 37010.8,
    "mean_export_prune_ratio": 0.18587187163386543,
    "mean_domain_rebalance_s": 0.0000660649,
    "mean_domain_migration_s": 0.0001657459,
    "mean_local_particle_count": 4537.3,
    "particle_imbalance_ratio": 4.538499025341131,
    "sfc_kind": "morton",
    "mean_apply_leaf_s": 0.0,
    "mean_apply_leaf_rmn_count": 12229843.1,
    "mean_apply_leaf_calls": 1057331.2,
    "mean_rmn_soa_pack_s": 0.0,
    "mean_accel_from_let_soa_s": 0.0,
    "soa_simd_active": true
  }
}