{
  "steps": 10,
  "total_particles": 8000,
  "total_wall_s": 1.338133202,
  "total_comm_s": 0.051365403000000004,
  "total_gravity_s": 1.249907568,
  "total_integration_s": 0.03628867800000024,
  "mean_step_wall_s": 0.13375616490000003,
  "mean_comm_s": 0.005136540300000001,
  "mean_gravity_s": 0.1249907568,
  "comm_fraction": 0.03840226956148322,
  "gravity_fraction": 0.9344672590863136,
  "hpc": {
    "mean_tree_build_s": 0.001486094,
    "mean_let_export_s": 0.0002391598,
    "mean_let_pack_s": 0.0000403439,
    "mean_aabb_allgather_s": 0.0034827973000000007,
    "mean_let_alltoallv_s": 0.0647161859,
    "mean_walk_local_s": 0.0631674634,
    "mean_apply_let_s": 0.0600615777,
    "mean_let_nodes_exported": 6827.4,
    "mean_let_nodes_imported": 7980.7,
    "mean_bytes_sent": 983145.6,
    "mean_bytes_recv": 1149220.8,
    "wait_fraction": 0.011578699951197537,
    "mean_let_tree_build_s": 0.000658881,
    "mean_let_tree_walk_s": 0.059398814700000004,
    "mean_let_tree_nodes": 1914.4,
    "let_tree_parallel": true,
    "mean_max_let_nodes_per_rank": 6827.4,
    "mean_local_tree_nodes": 33196.4,
    "mean_export_prune_ratio": 0.20566687954115506,
    "mean_domain_rebalance_s": 0.000025665700000000004,
    "mean_domain_migration_s": 0.0000793548,
    "mean_local_particle_count": 4005.4,
    "particle_imbalance_ratio": 1.0092098641167588,
    "sfc_kind": "morton",
    "mean_apply_leaf_s": 0.0,
    "mean_apply_leaf_rmn_count": 4207503.2,
    "mean_apply_leaf_calls": 709366.2,
    "mean_rmn_soa_pack_s": 0.0,
    "mean_accel_from_let_soa_s": 0.0,
    "soa_simd_active": true
  }
}