{
  "steps": 10,
  "total_particles": 32000,
  "total_wall_s": 4.212945508,
  "total_comm_s": 0.426166197,
  "total_gravity_s": 3.465022675,
  "total_integration_s": 0.3204305890000003,
  "mean_step_wall_s": 0.4211619461000001,
  "mean_comm_s": 0.042616619700000004,
  "mean_gravity_s": 0.3465022675,
  "comm_fraction": 0.1011882011056174,
  "gravity_fraction": 0.8227292866999124,
  "hpc": {
    "mean_tree_build_s": 0.0039585704,
    "mean_let_export_s": 0.0045707396,
    "mean_let_pack_s": 0.0007457496,
    "mean_aabb_allgather_s": 0.0308181506,
    "mean_let_alltoallv_s": 0.1378246856,
    "mean_walk_local_s": 0.12656692470000003,
    "mean_apply_let_s": 0.21070552920000002,
    "mean_let_nodes_exported": 41903.7,
    "mean_let_nodes_imported": 39568.8,
    "mean_bytes_sent": 6034132.8,
    "mean_bytes_recv": 5697907.2,
    "wait_fraction": 0.026730242378847247,
    "mean_let_tree_build_s": 0.009957539800000002,
    "mean_let_tree_walk_s": 0.20070274340000002,
    "mean_let_tree_nodes": 17541.4,
    "let_tree_parallel": false,
    "mean_max_let_nodes_per_rank": 7990.8,
    "mean_local_tree_nodes": 32599.6,
    "mean_export_prune_ratio": 0.1836293346281199,
    "mean_domain_rebalance_s": 0.0001739744,
    "mean_domain_migration_s": 0.0003667338,
    "mean_local_particle_count": 4000.0,
    "particle_imbalance_ratio": 1.0,
    "sfc_kind": "morton"
  }
}