{
  "steps": 10,
  "total_particles": 8000,
  "total_wall_s": 0.7970654,
  "total_comm_s": 0.08915081400000001,
  "total_gravity_s": 0.647906602,
  "total_integration_s": 0.05943941899999994,
  "mean_step_wall_s": 0.0796496835,
  "mean_comm_s": 0.0089150814,
  "mean_gravity_s": 0.0647906602,
  "comm_fraction": 0.11192864815338532,
  "gravity_fraction": 0.8134452938535531,
  "hpc": {
    "mean_tree_build_s": 0.0008572030000000002,
    "mean_let_export_s": 0.0003808061,
    "mean_let_pack_s": 0.00017382,
    "mean_aabb_allgather_s": 0.0053395759,
    "mean_let_alltoallv_s": 0.028722226300000004,
    "mean_walk_local_s": 0.0252796591,
    "mean_apply_let_s": 0.038103590400000005,
    "mean_let_nodes_exported": 11166.0,
    "mean_let_nodes_imported": 10966.4,
    "mean_bytes_sent": 1607904.0,
    "mean_bytes_recv": 1579161.6,
    "wait_fraction": 0.04322135442007124,
    "mean_let_tree_build_s": 0.0012495938,
    "mean_let_tree_walk_s": 0.036849578200000004,
    "mean_let_tree_nodes": 4134.5,
    "let_tree_parallel": true,
    "mean_max_let_nodes_per_rank": 4070.3,
    "mean_local_tree_nodes": 18199.6,
    "mean_export_prune_ratio": 0.20450998923053254,
    "mean_domain_rebalance_s": 0.0000432742,
    "mean_domain_migration_s": 0.00008966410000000001,
    "mean_local_particle_count": 2143.5,
    "particle_imbalance_ratio": 5.589460784313726,
    "sfc_kind": "morton",
    "mean_apply_leaf_s": 0.0,
    "mean_apply_leaf_rmn_count": 1981355.4,
    "mean_apply_leaf_calls": 514506.4,
    "mean_rmn_soa_pack_s": 0.0,
    "mean_accel_from_let_soa_s": 0.0,
    "soa_simd_active": true
  }
}