{
  "steps": 10,
  "total_particles": 1000,
  "total_wall_s": 0.31812078,
  "total_comm_s": 0.01268818,
  "total_gravity_s": 0.304415617,
  "total_integration_s": 0.0006786950000000069,
  "mean_step_wall_s": 0.031778249200000004,
  "mean_comm_s": 0.0012688180000000001,
  "mean_gravity_s": 0.0304415617,
  "comm_fraction": 0.03992724684152832,
  "gravity_fraction": 0.9579370313453266,
  "treepm_hpc": {
    "mean_scatter_s": 0.0,
    "mean_gather_s": 0.0,
    "mean_pm_solve_s": 0.0,
    "mean_sr_halo_s": 0.0000321017,
    "mean_tree_sr_s": 0.0304175168,
    "mean_scatter_particles": 1101.0,
    "mean_scatter_bytes": 0.0,
    "mean_gather_bytes": 0.0,
    "pm_sync_fraction": 0.0,
    "mean_treepm_total_s": 0.030449618500000004,
    "path_active": "clone"
  }
}