{
  "steps": 10,
  "total_particles": 16000,
  "total_wall_s": 1.7874206529999999,
  "total_comm_s": 0.21622468800000003,
  "total_gravity_s": 1.401109871,
  "total_integration_s": 0.1694387100000001,
  "mean_step_wall_s": 0.17867732690000002,
  "mean_comm_s": 0.021622468800000003,
  "mean_gravity_s": 0.1401109871,
  "comm_fraction": 0.12101406023441019,
  "gravity_fraction": 0.7841564989295796,
  "hpc": {
    "mean_tree_build_s": 0.0017848242,
    "mean_let_export_s": 0.0006829129,
    "mean_let_pack_s": 0.00039844880000000003,
    "mean_aabb_allgather_s": 0.016026430900000003,
    "mean_let_alltoallv_s": 0.0746106168,
    "mean_walk_local_s": 0.06923193130000001,
    "mean_apply_let_s": 0.06801960380000001,
    "mean_let_nodes_exported": 20638.5,
    "mean_let_nodes_imported": 19054.3,
    "mean_bytes_sent": 2971944.0,
    "mean_bytes_recv": 2743819.2,
    "wait_fraction": 0.03010278692500408,
    "mean_let_tree_build_s": 0.0022846226000000002,
    "mean_let_tree_walk_s": 0.06572824730000001,
    "mean_let_tree_nodes": 8135.0,
    "let_tree_parallel": true,
    "mean_max_let_nodes_per_rank": 7633.1,
    "mean_local_tree_nodes": 37017.2,
    "mean_export_prune_ratio": 0.18584603913856262,
    "mean_domain_rebalance_s": 0.0000655668,
    "mean_domain_migration_s": 0.00015178560000000003,
    "mean_local_particle_count": 4537.4,
    "particle_imbalance_ratio": 4.538499025341131,
    "sfc_kind": "morton",
    "mean_apply_leaf_s": 0.0,
    "mean_apply_leaf_rmn_count": 3118460.0,
    "mean_apply_leaf_calls": 814645.3,
    "mean_rmn_soa_pack_s": 0.0,
    "mean_accel_from_let_soa_s": 0.0,
    "soa_simd_active": true
  }
}