{
  "steps": 10,
  "total_particles": 8000,
  "total_wall_s": 2.083229899,
  "total_comm_s": 0.029518074000000002,
  "total_gravity_s": 2.037314486,
  "total_integration_s": 0.015939305000000292,
  "mean_step_wall_s": 0.20827718650000002,
  "mean_comm_s": 0.0029518074,
  "mean_gravity_s": 0.2037314486,
  "comm_fraction": 0.014172495075450809,
  "gravity_fraction": 0.9781745760234762,
  "hpc": {
    "mean_tree_build_s": 0.0009541769,
    "mean_let_export_s": 0.0002265713,
    "mean_let_pack_s": 0.00004859620000000001,
    "mean_aabb_allgather_s": 0.0014855154,
    "mean_let_alltoallv_s": 0.06430884640000001,
    "mean_walk_local_s": 0.0629325114,
    "mean_apply_let_s": 0.1395723607,
    "mean_let_nodes_exported": 6827.4,
    "mean_let_nodes_imported": 7980.7,
    "mean_bytes_sent": 983145.6,
    "mean_bytes_recv": 1149220.8,
    "wait_fraction": 0.00660818893863827,
    "mean_let_tree_build_s": 0.0005060585,
    "mean_let_tree_walk_s": 0.1390635343,
    "mean_let_tree_nodes": 562.5,
    "let_tree_parallel": true,
    "mean_max_let_nodes_per_rank": 6827.4,
    "mean_local_tree_nodes": 33197.2,
    "mean_export_prune_ratio": 0.2056619232947357,
    "mean_domain_rebalance_s": 0.0000241529,
    "mean_domain_migration_s": 0.0000658041,
    "mean_local_particle_count": 4005.4,
    "particle_imbalance_ratio": 1.0092098641167588,
    "sfc_kind": "morton",
    "mean_apply_leaf_s": 0.0,
    "mean_apply_leaf_rmn_count": 13116291.7,
    "mean_apply_leaf_calls": 730493.6,
    "mean_rmn_soa_pack_s": 0.0,
    "mean_accel_from_let_soa_s": 0.0,
    "soa_simd_active": true
  }
}