{
  "steps": 10,
  "total_particles": 16000,
  "total_wall_s": 3.68880994,
  "total_comm_s": 0.143226225,
  "total_gravity_s": 3.4818322200000003,
  "total_integration_s": 0.06288723600000035,
  "mean_step_wall_s": 0.36879456810000005,
  "mean_comm_s": 0.014322622500000002,
  "mean_gravity_s": 0.348183222,
  "comm_fraction": 0.03883631630961649,
  "gravity_fraction": 0.9441115789579331,
  "hpc": {
    "mean_tree_build_s": 0.0026916099,
    "mean_let_export_s": 0.00045047460000000007,
    "mean_let_pack_s": 0.0000726429,
    "mean_aabb_allgather_s": 0.0065410247,
    "mean_let_alltoallv_s": 0.1598137349,
    "mean_walk_local_s": 0.15223884570000001,
    "mean_apply_let_s": 0.1927350489,
    "mean_let_nodes_exported": 12949.3,
    "mean_let_nodes_imported": 15999.7,
    "mean_bytes_sent": 1864699.2,
    "mean_bytes_recv": 2303956.8,
    "wait_fraction": 0.020539589937631726,
    "mean_let_tree_build_s": 0.0012504487000000002,
    "mean_let_tree_walk_s": 0.19147920020000003,
    "mean_let_tree_nodes": 2090.5,
    "let_tree_parallel": true,
    "mean_max_let_nodes_per_rank": 12949.3,
    "mean_local_tree_nodes": 64732.4,
    "mean_export_prune_ratio": 0.20004356396487694,
    "mean_domain_rebalance_s": 0.0000501191,
    "mean_domain_migration_s": 0.0001565895,
    "mean_local_particle_count": 7990.5,
    "particle_imbalance_ratio": 1.0036967418546365,
    "sfc_kind": "morton",
    "mean_apply_leaf_s": 0.0,
    "mean_apply_leaf_rmn_count": 16666901.7,
    "mean_apply_leaf_calls": 1530286.5,
    "mean_rmn_soa_pack_s": 0.0,
    "mean_accel_from_let_soa_s": 0.0,
    "soa_simd_active": true
  }
}