{
  "steps": 10,
  "total_particles": 16000,
  "total_wall_s": 1.723751531,
  "total_comm_s": 0.22963122200000002,
  "total_gravity_s": 1.3366613580000002,
  "total_integration_s": 0.15677022299999988,
  "mean_step_wall_s": 0.1723062803,
  "mean_comm_s": 0.0229631222,
  "mean_gravity_s": 0.13366613580000003,
  "comm_fraction": 0.1332692120102601,
  "gravity_fraction": 0.7757473237033253,
  "hpc": {
    "mean_tree_build_s": 0.0018879786000000002,
    "mean_let_export_s": 0.0007319567000000001,
    "mean_let_pack_s": 0.0004246492,
    "mean_aabb_allgather_s": 0.0125108396,
    "mean_let_alltoallv_s": 0.07265156650000001,
    "mean_walk_local_s": 0.0624648447,
    "mean_apply_let_s": 0.0681698418,
    "mean_let_nodes_exported": 20691.8,
    "mean_let_nodes_imported": 21934.3,
    "mean_bytes_sent": 2979619.2,
    "mean_bytes_recv": 3158539.2,
    "wait_fraction": 0.05911985205799838,
    "mean_let_tree_build_s": 0.002775168,
    "mean_let_tree_walk_s": 0.0653815386,
    "mean_let_tree_nodes": 9372.9,
    "let_tree_parallel": true,
    "mean_max_let_nodes_per_rank": 7762.8,
    "mean_local_tree_nodes": 34255.6,
    "mean_export_prune_ratio": 0.20134712767158264,
    "mean_domain_rebalance_s": 0.0000828569,
    "mean_domain_migration_s": 0.00018270390000000002,
    "mean_local_particle_count": 4163.8,
    "particle_imbalance_ratio": 4.886993603411514,
    "sfc_kind": "morton",
    "mean_apply_leaf_s": 0.0,
    "mean_apply_leaf_rmn_count": 3785153.2,
    "mean_apply_leaf_calls": 894297.2,
    "mean_rmn_soa_pack_s": 0.0,
    "mean_accel_from_let_soa_s": 0.0,
    "soa_simd_active": true
  }
}