{
  "steps": 10,
  "total_particles": 16000,
  "total_wall_s": 2.179896654,
  "total_comm_s": 0.217868907,
  "total_gravity_s": 1.790189285,
  "total_integration_s": 0.17120522800000026,
  "mean_step_wall_s": 0.21792634200000002,
  "mean_comm_s": 0.0217868907,
  "mean_gravity_s": 0.1790189285,
  "comm_fraction": 0.09997364476479854,
  "gravity_fraction": 0.8214653027122347,
  "hpc": {
    "mean_tree_build_s": 0.0017736103,
    "mean_let_export_s": 0.0006760292,
    "mean_let_pack_s": 0.00038922580000000004,
    "mean_aabb_allgather_s": 0.016040966,
    "mean_let_alltoallv_s": 0.0749270006,
    "mean_walk_local_s": 0.0694005563,
    "mean_apply_let_s": 0.10678728240000002,
    "mean_let_nodes_exported": 20637.8,
    "mean_let_nodes_imported": 19054.5,
    "mean_bytes_sent": 2971843.2,
    "mean_bytes_recv": 2743848.0,
    "wait_fraction": 0.025359230321958966,
    "mean_let_tree_build_s": 0.0023167523,
    "mean_let_tree_walk_s": 0.10446275460000001,
    "mean_let_tree_nodes": 8135.8,
    "let_tree_parallel": true,
    "mean_max_let_nodes_per_rank": 7632.9,
    "mean_local_tree_nodes": 37012.4,
    "mean_export_prune_ratio": 0.18586383662412237,
    "mean_domain_rebalance_s": 0.0000671447,
    "mean_domain_migration_s": 0.00015233570000000002,
    "mean_local_particle_count": 4537.3,
    "particle_imbalance_ratio": 4.538499025341131,
    "sfc_kind": "morton",
    "mean_apply_leaf_s": 0.0,
    "mean_apply_leaf_rmn_count": 0.0,
    "mean_apply_leaf_calls": 0.0,
    "mean_rmn_soa_pack_s": 0.0,
    "mean_accel_from_let_soa_s": 0.0,
    "soa_simd_active": true,
    "mean_apply_leaf_tile_calls": 471988.1,
    "mean_apply_leaf_tile_i_count": 1887262.1,
    "tile_utilization_ratio": 0.9996343657816796
  }
}