{
  "steps": 10,
  "total_particles": 8000,
  "total_wall_s": 1.155544269,
  "total_comm_s": 0.122702399,
  "total_gravity_s": 0.949680893,
  "total_integration_s": 0.0826104350000001,
  "mean_step_wall_s": 0.11549937270000002,
  "mean_comm_s": 0.0122702399,
  "mean_gravity_s": 0.0949680893,
  "comm_fraction": 0.10623642027797783,
  "gravity_fraction": 0.8222390051127957,
  "hpc": {
    "mean_tree_build_s": 0.0008482444000000001,
    "mean_let_export_s": 0.00037508910000000003,
    "mean_let_pack_s": 0.00023221180000000002,
    "mean_aabb_allgather_s": 0.0077219995999999996,
    "mean_let_alltoallv_s": 0.039703126500000005,
    "mean_walk_local_s": 0.035295325800000006,
    "mean_apply_let_s": 0.05822062130000001,
    "mean_let_nodes_exported": 11166.0,
    "mean_let_nodes_imported": 10966.4,
    "mean_bytes_sent": 1607904.0,
    "mean_bytes_recv": 1579161.6,
    "wait_fraction": 0.038162983892985246,
    "mean_let_tree_build_s": 0.0011856913,
    "mean_let_tree_walk_s": 0.057031526900000004,
    "mean_let_tree_nodes": 4134.5,
    "let_tree_parallel": false,
    "mean_max_let_nodes_per_rank": 4070.3,
    "mean_local_tree_nodes": 18199.6,
    "mean_export_prune_ratio": 0.20450998923053254,
    "mean_domain_rebalance_s": 0.000043019800000000004,
    "mean_domain_migration_s": 0.0000974198,
    "mean_local_particle_count": 2143.5,
    "particle_imbalance_ratio": 5.589460784313726,
    "sfc_kind": "morton",
    "mean_apply_leaf_s": 0.0,
    "mean_apply_leaf_rmn_count": 1981355.4,
    "mean_apply_leaf_calls": 514506.4,
    "mean_rmn_soa_pack_s": 0.0,
    "mean_accel_from_let_soa_s": 0.0,
    "soa_simd_active": false
  }
}