{
  "steps": 10,
  "total_particles": 8000,
  "total_wall_s": 1.08724988,
  "total_comm_s": 0.037393140000000005,
  "total_gravity_s": 1.023357038,
  "total_integration_s": 0.026066798000000002,
  "mean_step_wall_s": 0.10868169760000002,
  "mean_comm_s": 0.0037393140000000005,
  "mean_gravity_s": 0.10233570380000001,
  "comm_fraction": 0.03440610592744366,
  "gravity_fraction": 0.9416093607282777,
  "hpc": {
    "mean_tree_build_s": 0.0009361655,
    "mean_let_export_s": 0.0002279447,
    "mean_let_pack_s": 0.000045526800000000006,
    "mean_aabb_allgather_s": 0.0024129693,
    "mean_let_alltoallv_s": 0.0642323785,
    "mean_walk_local_s": 0.0629939362,
    "mean_apply_let_s": 0.0381354154,
    "mean_let_nodes_exported": 6827.4,
    "mean_let_nodes_imported": 7980.7,
    "mean_bytes_sent": 983145.6,
    "mean_bytes_recv": 1149220.8,
    "wait_fraction": 0.011395132090759685,
    "mean_let_tree_build_s": 0.0007188419000000001,
    "mean_let_tree_walk_s": 0.037413288700000005,
    "mean_let_tree_nodes": 3046.6,
    "let_tree_parallel": true,
    "mean_max_let_nodes_per_rank": 6827.4,
    "mean_local_tree_nodes": 33197.2,
    "mean_export_prune_ratio": 0.2056619232947357,
    "mean_domain_rebalance_s": 0.000023860300000000003,
    "mean_domain_migration_s": 0.0000640421,
    "mean_local_particle_count": 4005.4,
    "particle_imbalance_ratio": 1.0092098641167588,
    "sfc_kind": "morton",
    "mean_apply_leaf_s": 0.0,
    "mean_apply_leaf_rmn_count": 2307550.3,
    "mean_apply_leaf_calls": 629856.3,
    "mean_rmn_soa_pack_s": 0.0,
    "mean_accel_from_let_soa_s": 0.0,
    "soa_simd_active": true
  }
}