{
  "steps": 20,
  "total_particles": 2000,
  "total_wall_s": 0.068703634,
  "total_comm_s": 0.0016473570000000001,
  "total_gravity_s": 0.06400178000000001,
  "total_integration_s": 0.002468609999999996,
  "mean_step_wall_s": 0.00340588735,
  "mean_comm_s": 0.00008236785000000001,
  "mean_gravity_s": 0.0032000890000000006,
  "comm_fraction": 0.024183961926985048,
  "gravity_fraction": 0.9395757026432481
}