{
  "steps": 20,
  "total_particles": 512,
  "total_wall_s": 0.049437252,
  "total_comm_s": 0.000023752000000000002,
  "total_gravity_s": 0.049122809,
  "total_integration_s": 0.00004425300000000104,
  "mean_step_wall_s": 0.0024595407000000003,
  "mean_comm_s": 1.1876e-6,
  "mean_gravity_s": 0.0024561404500000003,
  "comm_fraction": 0.0004828543800881197,
  "gravity_fraction": 0.9986175264349152
}