{
  "steps": 10,
  "total_particles": 2000,
  "total_wall_s": 2.373353263,
  "total_comm_s": 0.024544091,
  "total_gravity_s": 2.347063242,
  "total_integration_s": 0.0013048120000003216,
  "mean_step_wall_s": 0.23729121450000004,
  "mean_comm_s": 0.0024544091,
  "mean_gravity_s": 0.23470632419999998,
  "comm_fraction": 0.010343446996854574,
  "gravity_fraction": 0.9891066750808845,
  "treepm_hpc": {
    "mean_scatter_s": 0.0,
    "mean_gather_s": 0.0,
    "mean_pm_solve_s": 0.0,
    "mean_sr_halo_s": 4.5890000000000007e-7,
    "mean_tree_sr_s": 0.2345720429,
    "mean_scatter_particles": 4000.0,
    "mean_scatter_bytes": 0.0,
    "mean_gather_bytes": 0.0,
    "pm_sync_fraction": 0.0,
    "mean_treepm_total_s": 0.2345725018,
    "path_active": "clone"
  }
}