{
  "steps": 10,
  "total_particles": 16000,
  "total_wall_s": 5.834296308,
  "total_comm_s": 0.064865856,
  "total_gravity_s": 5.734055071,
  "total_integration_s": 0.03386234700000035,
  "mean_step_wall_s": 0.5832783274000001,
  "mean_comm_s": 0.0064865856,
  "mean_gravity_s": 0.5734055071,
  "comm_fraction": 0.011120909684600085,
  "gravity_fraction": 0.9830735691072069,
  "hpc": {
    "mean_tree_build_s": 0.0034357849,
    "mean_let_export_s": 0.0005485849,
    "mean_let_pack_s": 0.0000894431,
    "mean_aabb_allgather_s": 0.0033624409000000003,
    "mean_let_alltoallv_s": 0.23322245720000004,
    "mean_walk_local_s": 0.2310503939,
    "mean_apply_let_s": 0.33828883730000003,
    "mean_let_nodes_exported": 16141.6,
    "mean_let_nodes_imported": 15858.4,
    "mean_bytes_sent": 2324390.4,
    "mean_bytes_recv": 2283609.6,
    "wait_fraction": 0.0037238882330535225,
    "mean_let_tree_build_s": 0.001332304,
    "mean_let_tree_walk_s": 0.3369489963,
    "mean_let_tree_nodes": 6134.1,
    "let_tree_parallel": false,
    "mean_max_let_nodes_per_rank": 16141.6,
    "mean_local_tree_nodes": 65751.6,
    "mean_export_prune_ratio": 0.24549364578200378,
    "mean_domain_rebalance_s": 0.00015746880000000002,
    "mean_domain_migration_s": 0.0007946126000000001,
    "mean_local_particle_count": 8070.8,
    "particle_imbalance_ratio": 1.0401596087012486,
    "sfc_kind": "hilbert"
  }
}