{
  "steps": 10,
  "total_particles": 16000,
  "total_wall_s": 2.65187549,
  "total_comm_s": 0.325078065,
  "total_gravity_s": 2.066389972,
  "total_integration_s": 0.2596466500000001,
  "mean_step_wall_s": 0.2651114687,
  "mean_comm_s": 0.0325078065,
  "mean_gravity_s": 0.2066389972,
  "comm_fraction": 0.12261938972087932,
  "gravity_fraction": 0.7794419389446806,
  "hpc": {
    "mean_tree_build_s": 0.0018938140000000002,
    "mean_let_export_s": 0.0006498349,
    "mean_let_pack_s": 0.00010326270000000001,
    "mean_aabb_allgather_s": 0.025573957,
    "mean_let_alltoallv_s": 0.1058752234,
    "mean_walk_local_s": 0.0991899552,
    "mean_apply_let_s": 0.1048076467,
    "mean_let_nodes_exported": 20638.5,
    "mean_let_nodes_imported": 19054.3,
    "mean_bytes_sent": 2971944.0,
    "mean_bytes_recv": 2743819.2,
    "wait_fraction": 0.025216820052266567,
    "mean_let_tree_build_s": 0.0019845201,
    "mean_let_tree_walk_s": 0.1028176103,
    "mean_let_tree_nodes": 8135.0,
    "let_tree_parallel": false,
    "mean_max_let_nodes_per_rank": 7633.1,
    "mean_local_tree_nodes": 37017.2,
    "mean_export_prune_ratio": 0.18584603913856262,
    "mean_domain_rebalance_s": 0.00006600450000000001,
    "mean_domain_migration_s": 0.00018257680000000002,
    "mean_local_particle_count": 4537.4,
    "particle_imbalance_ratio": 4.538499025341131,
    "sfc_kind": "morton",
    "mean_apply_leaf_s": 0.0,
    "mean_apply_leaf_rmn_count": 3118460.0,
    "mean_apply_leaf_calls": 814645.3,
    "mean_rmn_soa_pack_s": 0.0,
    "mean_accel_from_let_soa_s": 0.0,
    "soa_simd_active": false
  }
}